Date,ATM_ID,ATM_Name,Location_Type,Capacity,Cash_Withdrawn,Transaction_Count,Avg_Ticket_Size,Day_Of_Week,Is_Weekend,Is_Salary_Day,Holiday_Flag,Holiday_Name
2020-01-01,ATM_01,ATM_01_TechPark,Commercial / Tech Park,2500000,707500.0,276,2563.41,Wed,0,1,0,None
2020-01-01,ATM_02,ATM_02_ShoppingMall,Shopping Mall & Entertainment,3000000,431500.0,173,2494.22,Wed,0,1,0,None
2020-01-01,ATM_03,ATM_03_Residential,Residential Suburb,2000000,313100.0,93,3366.67,Wed,0,1,0,None
2020-01-01,ATM_04,ATM_04_TransitHub,Airport / Transit Terminal,3500000,549600.0,237,2318.99,Wed,0,1,0,None
2020-01-01,ATM_05,ATM_05_University,University Campus,1500000,236400.0,95,2488.42,Wed,0,1,0,None
2020-01-02,ATM_01,ATM_01_TechPark,Commercial / Tech Park,2500000,756700.0,264,2866.29,Thu,0,1,0,None
2020-01-02,ATM_02,ATM_02_ShoppingMall,Shopping Mall & Entertainment,3000000,523000.0,171,3058.48,Thu,0,1,0,None
2020-01-02,ATM_03,ATM_03_Residential,Residential Suburb,2000000,327600.0,112,2925.0,Thu,0,1,0,None
2020-01-02,ATM_04,ATM_04_TransitHub,Airport / Transit Terminal,3500000,739100.0,227,3255.95,Thu,0,1,0,None
2020-01-02,ATM_05,ATM_05_University,University Campus,1500000,282400.0,127,2223.62,Thu,0,1,0,None
2020-01-03,ATM_01,ATM_01_TechPark,Commercial / Tech Park,2500000,888300.0,336,2643.75,Fri,0,1,0,None
2020-01-03,ATM_02,ATM_02_ShoppingMall,Shopping Mall & Entertainment,3000000,574000.0,238,2411.76,Fri,0,1,0,None
2020-01-03,ATM_03,ATM_03_Residential,Residential Suburb,2000000,367000.0,158,2322.78,Fri,0,1,0,None
2020-01-03,ATM_04,ATM_04_TransitHub,Airport / Transit Terminal,3500000,796700.0,342,2329.53,Fri,0,1,0,None
2020-01-03,ATM_05,ATM_05_University,University Campus,1500000,294900.0,90,3276.67,Fri,0,1,0,None
2020-01-04,ATM_01,ATM_01_TechPark,Commercial / Tech Park,2500000,279400.0,88,3175.0,Sat,1,1,0,None
2020-01-04,ATM_02,ATM_02_ShoppingMall,Shopping Mall & Entertainment,3000000,629100.0,233,2700.0,Sat,1,1,0,None
2020-01-04,ATM_03,ATM_03_Residential,Residential Suburb,2000000,358400.0,122,2937.7,Sat,1,1,0,None
2020-01-04,ATM_04,ATM_04_TransitHub,Airport / Transit Terminal,3500000,848900.0,255,3329.02,Sat,1,1,0,None
2020-01-04,ATM_05,ATM_05_University,University Campus,1500000,143100.0,48,2981.25,Sat,1,1,0,None
2020-01-05,ATM_01,ATM_01_TechPark,Commercial / Tech Park,2500000,236900.0,94,2520.21,Sun,1,1,0,None
2020-01-05,ATM_02,ATM_02_ShoppingMall,Shopping Mall & Entertainment,3000000,777200.0,301,2582.06,Sun,1,1,0,None
2020-01-05,ATM_03,ATM_03_Residential,Residential Suburb,2000000,379300.0,162,2341.36,Sun,1,1,0,None
2020-01-05,ATM_04,ATM_04_TransitHub,Airport / Transit Terminal,3500000,840600.0,328,2562.8,Sun,1,1,0,None
2020-01-05,ATM_05,ATM_05_University,University Campus,1500000,108300.0,40,2707.5,Sun,1,1,0,None
2020-01-06,ATM_01,ATM_01_TechPark,Commercial / Tech Park,2500000,422200.0,170,2483.53,Mon,0,0,0,None
2020-01-06,ATM_02,ATM_02_ShoppingMall,Shopping Mall & Entertainment,3000000,314800.0,103,3056.31,Mon,0,0,0,None
2020-01-06,ATM_03,ATM_03_Residential,Residential Suburb,2000000,294500.0,98,3005.1,Mon,0,0,0,None
2020-01-06,ATM_04,ATM_04_TransitHub,Airport / Transit Terminal,3500000,714300.0,296,2413.18,Mon,0,0,0,None
2020-01-06,ATM_05,ATM_05_University,University Campus,1500000,212700.0,78,2726.92,Mon,0,0,0,None
2020-01-07,ATM_01,ATM_01_TechPark,Commercial / Tech Park,2500000,477300.0,163,2928.22,Tue,0,0,0,None
2020-01-07,ATM_02,ATM_02_ShoppingMall,Shopping Mall & Entertainment,3000000,341200.0,110,3101.82,Tue,0,0,0,None
2020-01-07,ATM_03,ATM_03_Residential,Residential Suburb,2000000,247100.0,98,2521.43,Tue,0,0,0,None
2020-01-07,ATM_04,ATM_04_TransitHub,Airport / Transit Terminal,3500000,491500.0,219,2244.29,Tue,0,0,0,None
2020-01-07,ATM_05,ATM_05_University,University Campus,1500000,175300.0,70,2504.29,Tue,0,0,0,None
2020-01-08,ATM_01,ATM_01_TechPark,Commercial / Tech Park,2500000,432700.0,126,3434.13,Wed,0,0,0,None
2020-01-08,ATM_02,ATM_02_ShoppingMall,Shopping Mall & Entertainment,3000000,388600.0,127,3059.84,Wed,0,0,0,None
2020-01-08,ATM_03,ATM_03_Residential,Residential Suburb,2000000,225200.0,82,2746.34,Wed,0,0,0,None
2020-01-08,ATM_04,ATM_04_TransitHub,Airport / Transit Terminal,3500000,649200.0,255,2545.88,Wed,0,0,0,None
2020-01-08,ATM_05,ATM_05_University,University Campus,1500000,163400.0,64,2553.12,Wed,0,0,0,None
2020-01-09,ATM_01,ATM_01_TechPark,Commercial / Tech Park,2500000,403700.0,136,2968.38,Thu,0,0,0,None
2020-01-09,ATM_02,ATM_02_ShoppingMall,Shopping Mall & Entertainment,3000000,397000.0,117,3393.16,Thu,0,0,0,None
2020-01-09,ATM_03,ATM_03_Residential,Residential Suburb,2000000,232900.0,66,3528.79,Thu,0,0,0,None
2020-01-09,ATM_04,ATM_04_TransitHub,Airport / Transit Terminal,3500000,655400.0,228,2874.56,Thu,0,0,0,None
2020-01-09,ATM_05,ATM_05_University,University Campus,1500000,184600.0,78,2366.67,Thu,0,0,0,None
2020-01-10,ATM_01,ATM_01_TechPark,Commercial / Tech Park,2500000,493400.0,163,3026.99,Fri,0,0,0,None
2020-01-10,ATM_02,ATM_02_ShoppingMall,Shopping Mall & Entertainment,3000000,575000.0,251,2290.84,Fri,0,0,0,None
2020-01-10,ATM_03,ATM_03_Residential,Residential Suburb,2000000,242600.0,89,2725.84,Fri,0,0,0,None
2020-01-10,ATM_04,ATM_04_TransitHub,Airport / Transit Terminal,3500000,818400.0,236,3467.8,Fri,0,0,0,None
2020-01-10,ATM_05,ATM_05_University,University Campus,1500000,196300.0,59,3327.12,Fri,0,0,0,None
2020-01-11,ATM_01,ATM_01_TechPark,Commercial / Tech Park,2500000,197600.0,64,3087.5,Sat,1,0,0,None
2020-01-11,ATM_02,ATM_02_ShoppingMall,Shopping Mall & Entertainment,3000000,718500.0,247,2908.91,Sat,1,0,0,None
2020-01-11,ATM_03,ATM_03_Residential,Residential Suburb,2000000,273000.0,116,2353.45,Sat,1,0,0,None
2020-01-11,ATM_04,ATM_04_TransitHub,Airport / Transit Terminal,3500000,800400.0,289,2769.55,Sat,1,0,0,None
2020-01-11,ATM_05,ATM_05_University,University Campus,1500000,90300.0,27,3344.44,Sat,1,0,0,None
2020-01-12,ATM_01,ATM_01_TechPark,Commercial / Tech Park,2500000,144100.0,56,2573.21,Sun,1,0,0,None
2020-01-12,ATM_02,ATM_02_ShoppingMall,Shopping Mall & Entertainment,3000000,625400.0,184,3398.91,Sun,1,0,0,None
2020-01-12,ATM_03,ATM_03_Residential,Residential Suburb,2000000,270600.0,81,3340.74,Sun,1,0,0,None
2020-01-12,ATM_04,ATM_04_TransitHub,Airport / Transit Terminal,3500000,665500.0,222,2997.75,Sun,1,0,0,None
2020-01-12,ATM_05,ATM_05_University,University Campus,1500000,92000.0,38,2421.05,Sun,1,0,0,None
2020-01-13,ATM_01,ATM_01_TechPark,Commercial / Tech Park,2500000,451400.0,140,3224.29,Mon,0,0,0,None
2020-01-13,ATM_02,ATM_02_ShoppingMall,Shopping Mall & Entertainment,3000000,282800.0,97,2915.46,Mon,0,0,0,None
2020-01-13,ATM_03,ATM_03_Residential,Residential Suburb,2000000,272000.0,122,2229.51,Mon,0,0,0,None
2020-01-13,ATM_04,ATM_04_TransitHub,Airport / Transit Terminal,3500000,654200.0,191,3425.13,Mon,0,0,0,None
2020-01-13,ATM_05,ATM_05_University,University Campus,1500000,211800.0,81,2614.81,Mon,0,0,0,None
2020-01-14,ATM_01,ATM_01_TechPark,Commercial / Tech Park,2500000,383800.0,168,2284.52,Tue,0,0,0,None
2020-01-14,ATM_02,ATM_02_ShoppingMall,Shopping Mall & Entertainment,3000000,404500.0,175,2311.43,Tue,0,0,0,None
2020-01-14,ATM_03,ATM_03_Residential,Residential Suburb,2000000,210100.0,74,2839.19,Tue,0,0,0,None
2020-01-14,ATM_04,ATM_04_TransitHub,Airport / Transit Terminal,3500000,703900.0,220,3199.55,Tue,0,0,0,None
2020-01-14,ATM_05,ATM_05_University,University Campus,1500000,192000.0,81,2370.37,Tue,0,0,0,None
2020-01-15,ATM_01,ATM_01_TechPark,Commercial / Tech Park,2500000,368100.0,144,2556.25,Wed,0,0,0,None
2020-01-15,ATM_02,ATM_02_ShoppingMall,Shopping Mall & Entertainment,3000000,373100.0,111,3361.26,Wed,0,0,0,None
2020-01-15,ATM_03,ATM_03_Residential,Residential Suburb,2000000,225100.0,77,2923.38,Wed,0,0,0,None
2020-01-15,ATM_04,ATM_04_TransitHub,Airport / Transit Terminal,3500000,605000.0,192,3151.04,Wed,0,0,0,None
2020-01-15,ATM_05,ATM_05_University,University Campus,1500000,176200.0,50,3524.0,Wed,0,0,0,None
2020-01-16,ATM_01,ATM_01_TechPark,Commercial / Tech Park,2500000,456700.0,149,3065.1,Thu,0,0,0,None
2020-01-16,ATM_02,ATM_02_ShoppingMall,Shopping Mall & Entertainment,3000000,363300.0,154,2359.09,Thu,0,0,0,None
2020-01-16,ATM_03,ATM_03_Residential,Residential Suburb,2000000,247700.0,99,2502.02,Thu,0,0,0,None
2020-01-16,ATM_04,ATM_04_TransitHub,Airport / Transit Terminal,3500000,571800.0,228,2507.89,Thu,0,0,0,None
2020-01-16,ATM_05,ATM_05_University,University Campus,1500000,198800.0,79,2516.46,Thu,0,0,0,None
2020-01-17,ATM_01,ATM_01_TechPark,Commercial / Tech Park,2500000,536500.0,214,2507.01,Fri,0,0,0,None
2020-01-17,ATM_02,ATM_02_ShoppingMall,Shopping Mall & Entertainment,3000000,593700.0,175,3392.57,Fri,0,0,0,None
2020-01-17,ATM_03,ATM_03_Residential,Residential Suburb,2000000,262100.0,104,2520.19,Fri,0,0,0,None
2020-01-17,ATM_04,ATM_04_TransitHub,Airport / Transit Terminal,3500000,688100.0,224,3071.88,Fri,0,0,0,None
2020-01-17,ATM_05,ATM_05_University,University Campus,1500000,198900.0,58,3429.31,Fri,0,0,0,None
2020-01-18,ATM_01,ATM_01_TechPark,Commercial / Tech Park,2500000,182600.0,62,2945.16,Sat,1,0,0,None
2020-01-18,ATM_02,ATM_02_ShoppingMall,Shopping Mall & Entertainment,3000000,587700.0,180,3265.0,Sat,1,0,0,None
2020-01-18,ATM_03,ATM_03_Residential,Residential Suburb,2000000,280500.0,114,2460.53,Sat,1,0,0,None
2020-01-18,ATM_04,ATM_04_TransitHub,Airport / Transit Terminal,3500000,755100.0,274,2755.84,Sat,1,0,0,None
2020-01-18,ATM_05,ATM_05_University,University Campus,1500000,121100.0,43,2816.28,Sat,1,0,0,None
2020-01-19,ATM_01,ATM_01_TechPark,Commercial / Tech Park,2500000,134200.0,38,3531.58,Sun,1,0,0,None
2020-01-19,ATM_02,ATM_02_ShoppingMall,Shopping Mall & Entertainment,3000000,568300.0,244,2329.1,Sun,1,0,0,None
2020-01-19,ATM_03,ATM_03_Residential,Residential Suburb,2000000,258500.0,77,3357.14,Sun,1,0,0,None
2020-01-19,ATM_04,ATM_04_TransitHub,Airport / Transit Terminal,3500000,745500.0,295,2527.12,Sun,1,0,0,None
2020-01-19,ATM_05,ATM_05_University,University Campus,1500000,85000.0,30,2833.33,Sun,1,0,0,None
2020-01-20,ATM_01,ATM_01_TechPark,Commercial / Tech Park,2500000,484300.0,189,2562.43,Mon,0,0,0,None
2020-01-20,ATM_02,ATM_02_ShoppingMall,Shopping Mall & Entertainment,3000000,323000.0,116,2784.48,Mon,0,0,0,None
2020-01-20,ATM_03,ATM_03_Residential,Residential Suburb,2000000,293400.0,88,3334.09,Mon,0,0,0,None
2020-01-20,ATM_04,ATM_04_TransitHub,Airport / Transit Terminal,3500000,629900.0,180,3499.44,Mon,0,0,0,None
2020-01-20,ATM_05,ATM_05_University,University Campus,1500000,186900.0,56,3337.5,Mon,0,0,0,None
2020-01-21,ATM_01,ATM_01_TechPark,Commercial / Tech Park,2500000,505300.0,152,3324.34,Tue,0,0,0,None
2020-01-21,ATM_02,ATM_02_ShoppingMall,Shopping Mall & Entertainment,3000000,329200.0,136,2420.59,Tue,0,0,0,None
2020-01-21,ATM_03,ATM_03_Residential,Residential Suburb,2000000,224000.0,82,2731.71,Tue,0,0,0,None
2020-01-21,ATM_04,ATM_04_TransitHub,Airport / Transit Terminal,3500000,599000.0,263,2277.57,Tue,0,0,0,None
2020-01-21,ATM_05,ATM_05_University,University Campus,1500000,146200.0,57,2564.91,Tue,0,0,0,None
2020-01-22,ATM_01,ATM_01_TechPark,Commercial / Tech Park,2500000,474500.0,147,3227.89,Wed,0,0,0,None
2020-01-22,ATM_02,ATM_02_ShoppingMall,Shopping Mall & Entertainment,3000000,329100.0,95,3464.21,Wed,0,0,0,None
2020-01-22,ATM_03,ATM_03_Residential,Residential Suburb,2000000,237800.0,68,3497.06,Wed,0,0,0,None
2020-01-22,ATM_04,ATM_04_TransitHub,Airport / Transit Terminal,3500000,478100.0,199,2402.51,Wed,0,0,0,None
2020-01-22,ATM_05,ATM_05_University,University Campus,1500000,163700.0,63,2598.41,Wed,0,0,0,None
2020-01-23,ATM_01,ATM_01_TechPark,Commercial / Tech Park,2500000,472700.0,162,2917.9,Thu,0,0,0,None
2020-01-23,ATM_02,ATM_02_ShoppingMall,Shopping Mall & Entertainment,3000000,398500.0,125,3188.0,Thu,0,0,0,None
2020-01-23,ATM_03,ATM_03_Residential,Residential Suburb,2000000,259000.0,90,2877.78,Thu,0,0,0,None
2020-01-23,ATM_04,ATM_04_TransitHub,Airport / Transit Terminal,3500000,659100.0,199,3312.06,Thu,0,0,0,None
2020-01-23,ATM_05,ATM_05_University,University Campus,1500000,203100.0,88,2307.95,Thu,0,0,0,None
2020-01-24,ATM_01,ATM_01_TechPark,Commercial / Tech Park,2500000,569700.0,233,2445.06,Fri,0,0,0,None
2020-01-24,ATM_02,ATM_02_ShoppingMall,Shopping Mall & Entertainment,3000000,490200.0,195,2513.85,Fri,0,0,0,None
2020-01-24,ATM_03,ATM_03_Residential,Residential Suburb,2000000,245200.0,104,2357.69,Fri,0,0,0,None
2020-01-24,ATM_04,ATM_04_TransitHub,Airport / Transit Terminal,3500000,763100.0,256,2980.86,Fri,0,0,0,None
2020-01-24,ATM_05,ATM_05_University,University Campus,1500000,188300.0,62,3037.1,Fri,0,0,0,None
2020-01-25,ATM_01,ATM_01_TechPark,Commercial / Tech Park,2500000,159100.0,55,2892.73,Sat,1,0,0,None
2020-01-25,ATM_02,ATM_02_ShoppingMall,Shopping Mall & Entertainment,3000000,756000.0,221,3420.81,Sat,1,0,0,None
2020-01-25,ATM_03,ATM_03_Residential,Residential Suburb,2000000,283000.0,112,2526.79,Sat,1,0,0,None
2020-01-25,ATM_04,ATM_04_TransitHub,Airport / Transit Terminal,3500000,808500.0,297,2722.22,Sat,1,0,0,None
2020-01-25,ATM_05,ATM_05_University,University Campus,1500000,110700.0,42,2635.71,Sat,1,0,0,None
2020-01-26,ATM_01,ATM_01_TechPark,Commercial / Tech Park,2500000,51300.0,16,3206.25,Sun,1,0,1,Republic Day
2020-01-26,ATM_02,ATM_02_ShoppingMall,Shopping Mall & Entertainment,3000000,1320500.0,377,3502.65,Sun,1,0,1,Republic Day
2020-01-26,ATM_03,ATM_03_Residential,Residential Suburb,2000000,306400.0,87,3521.84,Sun,1,0,1,Republic Day
2020-01-26,ATM_04,ATM_04_TransitHub,Airport / Transit Terminal,3500000,1092900.0,429,2547.55,Sun,1,0,1,Republic Day
2020-01-26,ATM_05,ATM_05_University,University Campus,1500000,25300.0,7,3614.29,Sun,1,0,1,Republic Day
2020-01-27,ATM_01,ATM_01_TechPark,Commercial / Tech Park,2500000,501900.0,187,2683.96,Mon,0,0,0,None
2020-01-27,ATM_02,ATM_02_ShoppingMall,Shopping Mall & Entertainment,3000000,277700.0,115,2414.78,Mon,0,0,0,None
2020-01-27,ATM_03,ATM_03_Residential,Residential Suburb,2000000,270400.0,90,3004.44,Mon,0,0,0,None
2020-01-27,ATM_04,ATM_04_TransitHub,Airport / Transit Terminal,3500000,548100.0,157,3491.08,Mon,0,0,0,None
2020-01-27,ATM_05,ATM_05_University,University Campus,1500000,187400.0,57,3287.72,Mon,0,0,0,None
2020-01-28,ATM_01,ATM_01_TechPark,Commercial / Tech Park,2500000,424900.0,164,2590.85,Tue,0,0,0,None
2020-01-28,ATM_02,ATM_02_ShoppingMall,Shopping Mall & Entertainment,3000000,302200.0,127,2379.53,Tue,0,0,0,None
2020-01-28,ATM_03,ATM_03_Residential,Residential Suburb,2000000,205300.0,87,2359.77,Tue,0,0,0,None
2020-01-28,ATM_04,ATM_04_TransitHub,Airport / Transit Terminal,3500000,665300.0,260,2558.85,Tue,0,0,0,None
2020-01-28,ATM_05,ATM_05_University,University Campus,1500000,193200.0,64,3018.75,Tue,0,0,0,None
2020-01-29,ATM_01,ATM_01_TechPark,Commercial / Tech Park,2500000,404500.0,133,3041.35,Wed,0,0,0,None
2020-01-29,ATM_02,ATM_02_ShoppingMall,Shopping Mall & Entertainment,3000000,341700.0,134,2550.0,Wed,0,0,0,None
2020-01-29,ATM_03,ATM_03_Residential,Residential Suburb,2000000,203300.0,61,3332.79,Wed,0,0,0,None
2020-01-29,ATM_04,ATM_04_TransitHub,Airport / Transit Terminal,3500000,593500.0,255,2327.45,Wed,0,0,0,None
2020-01-29,ATM_05,ATM_05_University,University Campus,1500000,161100.0,73,2206.85,Wed,0,0,0,None
2020-01-30,ATM_01,ATM_01_TechPark,Commercial / Tech Park,2500000,441200.0,137,3220.44,Thu,0,0,0,None
2020-01-30,ATM_02,ATM_02_ShoppingMall,Shopping Mall & Entertainment,3000000,388200.0,122,3181.97,Thu,0,0,0,None
2020-01-30,ATM_03,ATM_03_Residential,Residential Suburb,2000000,232500.0,79,2943.04,Thu,0,0,0,None
2020-01-30,ATM_04,ATM_04_TransitHub,Airport / Transit Terminal,3500000,614800.0,267,2302.62,Thu,0,0,0,None
2020-01-30,ATM_05,ATM_05_University,University Campus,1500000,181400.0,54,3359.26,Thu,0,0,0,None
2020-01-31,ATM_01,ATM_01_TechPark,Commercial / Tech Park,2500000,527200.0,160,3295.0,Fri,0,0,0,None
2020-01-31,ATM_02,ATM_02_ShoppingMall,Shopping Mall & Entertainment,3000000,519700.0,175,2969.71,Fri,0,0,0,None
2020-01-31,ATM_03,ATM_03_Residential,Residential Suburb,2000000,263100.0,101,2604.95,Fri,0,0,0,None
2020-01-31,ATM_04,ATM_04_TransitHub,Airport / Transit Terminal,3500000,749200.0,222,3374.77,Fri,0,0,0,None
2020-01-31,ATM_05,ATM_05_University,University Campus,1500000,206800.0,61,3390.16,Fri,0,0,0,None
2020-02-01,ATM_01,ATM_01_TechPark,Commercial / Tech Park,2500000,264700.0,107,2473.83,Sat,1,1,0,None
2020-02-01,ATM_02,ATM_02_ShoppingMall,Shopping Mall & Entertainment,3000000,867700.0,269,3225.65,Sat,1,1,0,None
2020-02-01,ATM_03,ATM_03_Residential,Residential Suburb,2000000,389200.0,116,3355.17,Sat,1,1,0,None
2020-02-01,ATM_04,ATM_04_TransitHub,Airport / Transit Terminal,3500000,689000.0,286,2409.09,Sat,1,1,0,None
2020-02-01,ATM_05,ATM_05_University,University Campus,1500000,175000.0,51,3431.37,Sat,1,1,0,None
2020-02-02,ATM_01,ATM_01_TechPark,Commercial / Tech Park,2500000,277900.0,85,3269.41,Sun,1,1,0,None
2020-02-02,ATM_02,ATM_02_ShoppingMall,Shopping Mall & Entertainment,3000000,647500.0,193,3354.92,Sun,1,1,0,None
2020-02-02,ATM_03,ATM_03_Residential,Residential Suburb,2000000,407800.0,154,2648.05,Sun,1,1,0,None
2020-02-02,ATM_04,ATM_04_TransitHub,Airport / Transit Terminal,3500000,846100.0,248,3411.69,Sun,1,1,0,None
2020-02-02,ATM_05,ATM_05_University,University Campus,1500000,123600.0,37,3340.54,Sun,1,1,0,None
2020-02-03,ATM_01,ATM_01_TechPark,Commercial / Tech Park,2500000,677200.0,265,2555.47,Mon,0,1,0,None
2020-02-03,ATM_02,ATM_02_ShoppingMall,Shopping Mall & Entertainment,3000000,398800.0,119,3351.26,Mon,0,1,0,None
2020-02-03,ATM_03,ATM_03_Residential,Residential Suburb,2000000,345000.0,104,3317.31,Mon,0,1,0,None
2020-02-03,ATM_04,ATM_04_TransitHub,Airport / Transit Terminal,3500000,794600.0,283,2807.77,Mon,0,1,0,None
2020-02-03,ATM_05,ATM_05_University,University Campus,1500000,312600.0,120,2605.0,Mon,0,1,0,None
2020-02-04,ATM_01,ATM_01_TechPark,Commercial / Tech Park,2500000,775500.0,347,2234.87,Tue,0,1,0,None
2020-02-04,ATM_02,ATM_02_ShoppingMall,Shopping Mall & Entertainment,3000000,391600.0,159,2462.89,Tue,0,1,0,None
2020-02-04,ATM_03,ATM_03_Residential,Residential Suburb,2000000,302900.0,87,3481.61,Tue,0,1,0,None
2020-02-04,ATM_04,ATM_04_TransitHub,Airport / Transit Terminal,3500000,843000.0,328,2570.12,Tue,0,1,0,None
2020-02-04,ATM_05,ATM_05_University,University Campus,1500000,242300.0,69,3511.59,Tue,0,1,0,None
2020-02-05,ATM_01,ATM_01_TechPark,Commercial / Tech Park,2500000,682800.0,235,2905.53,Wed,0,1,0,None
2020-02-05,ATM_02,ATM_02_ShoppingMall,Shopping Mall & Entertainment,3000000,467500.0,135,3462.96,Wed,0,1,0,None
2020-02-05,ATM_03,ATM_03_Residential,Residential Suburb,2000000,317600.0,130,2443.08,Wed,0,1,0,None
2020-02-05,ATM_04,ATM_04_TransitHub,Airport / Transit Terminal,3500000,744500.0,318,2341.19,Wed,0,1,0,None
2020-02-05,ATM_05,ATM_05_University,University Campus,1500000,241300.0,87,2773.56,Wed,0,1,0,None
2020-02-06,ATM_01,ATM_01_TechPark,Commercial / Tech Park,2500000,432000.0,144,3000.0,Thu,0,0,0,None
2020-02-06,ATM_02,ATM_02_ShoppingMall,Shopping Mall & Entertainment,3000000,380500.0,132,2882.58,Thu,0,0,0,None
2020-02-06,ATM_03,ATM_03_Residential,Residential Suburb,2000000,230900.0,91,2537.36,Thu,0,0,0,None
2020-02-06,ATM_04,ATM_04_TransitHub,Airport / Transit Terminal,3500000,701400.0,224,3131.25,Thu,0,0,0,None
2020-02-06,ATM_05,ATM_05_University,University Campus,1500000,221300.0,76,2911.84,Thu,0,0,0,None
2020-02-07,ATM_01,ATM_01_TechPark,Commercial / Tech Park,2500000,496500.0,158,3142.41,Fri,0,0,0,None
2020-02-07,ATM_02,ATM_02_ShoppingMall,Shopping Mall & Entertainment,3000000,565400.0,211,2679.62,Fri,0,0,0,None
2020-02-07,ATM_03,ATM_03_Residential,Residential Suburb,2000000,239400.0,104,2301.92,Fri,0,0,0,None
2020-02-07,ATM_04,ATM_04_TransitHub,Airport / Transit Terminal,3500000,686100.0,263,2608.75,Fri,0,0,0,None
2020-02-07,ATM_05,ATM_05_University,University Campus,1500000,186500.0,56,3330.36,Fri,0,0,0,None
2020-02-08,ATM_01,ATM_01_TechPark,Commercial / Tech Park,2500000,176100.0,67,2628.36,Sat,1,0,0,None
2020-02-08,ATM_02,ATM_02_ShoppingMall,Shopping Mall & Entertainment,3000000,663000.0,242,2739.67,Sat,1,0,0,None
2020-02-08,ATM_03,ATM_03_Residential,Residential Suburb,2000000,268900.0,113,2379.65,Sat,1,0,0,None
2020-02-08,ATM_04,ATM_04_TransitHub,Airport / Transit Terminal,3500000,736100.0,268,2746.64,Sat,1,0,0,None
2020-02-08,ATM_05,ATM_05_University,University Campus,1500000,131600.0,39,3374.36,Sat,1,0,0,None
2020-02-09,ATM_01,ATM_01_TechPark,Commercial / Tech Park,2500000,132600.0,44,3013.64,Sun,1,0,0,None
2020-02-09,ATM_02,ATM_02_ShoppingMall,Shopping Mall & Entertainment,3000000,652300.0,296,2203.72,Sun,1,0,0,None
2020-02-09,ATM_03,ATM_03_Residential,Residential Suburb,2000000,295200.0,114,2589.47,Sun,1,0,0,None
2020-02-09,ATM_04,ATM_04_TransitHub,Airport / Transit Terminal,3500000,611900.0,200,3059.5,Sun,1,0,0,None
2020-02-09,ATM_05,ATM_05_University,University Campus,1500000,87700.0,31,2829.03,Sun,1,0,0,None
2020-02-10,ATM_01,ATM_01_TechPark,Commercial / Tech Park,2500000,432300.0,153,2825.49,Mon,0,0,0,None
2020-02-10,ATM_02,ATM_02_ShoppingMall,Shopping Mall & Entertainment,3000000,336700.0,99,3401.01,Mon,0,0,0,None
2020-02-10,ATM_03,ATM_03_Residential,Residential Suburb,2000000,265700.0,115,2310.43,Mon,0,0,0,None
2020-02-10,ATM_04,ATM_04_TransitHub,Airport / Transit Terminal,3500000,618900.0,215,2878.6,Mon,0,0,0,None
2020-02-10,ATM_05,ATM_05_University,University Campus,1500000,181500.0,55,3300.0,Mon,0,0,0,None
2020-02-11,ATM_01,ATM_01_TechPark,Commercial / Tech Park,2500000,412700.0,129,3199.22,Tue,0,0,0,None
2020-02-11,ATM_02,ATM_02_ShoppingMall,Shopping Mall & Entertainment,3000000,338900.0,137,2473.72,Tue,0,0,0,None
2020-02-11,ATM_03,ATM_03_Residential,Residential Suburb,2000000,228900.0,102,2244.12,Tue,0,0,0,None
2020-02-11,ATM_04,ATM_04_TransitHub,Airport / Transit Terminal,3500000,607800.0,183,3321.31,Tue,0,0,0,None
2020-02-11,ATM_05,ATM_05_University,University Campus,1500000,202400.0,88,2300.0,Tue,0,0,0,None
2020-02-12,ATM_01,ATM_01_TechPark,Commercial / Tech Park,2500000,376000.0,153,2457.52,Wed,0,0,0,None
2020-02-12,ATM_02,ATM_02_ShoppingMall,Shopping Mall & Entertainment,3000000,399300.0,128,3119.53,Wed,0,0,0,None
2020-02-12,ATM_03,ATM_03_Residential,Residential Suburb,2000000,227200.0,74,3070.27,Wed,0,0,0,None
2020-02-12,ATM_04,ATM_04_TransitHub,Airport / Transit Terminal,3500000,594900.0,269,2211.52,Wed,0,0,0,None
2020-02-12,ATM_05,ATM_05_University,University Campus,1500000,175400.0,75,2338.67,Wed,0,0,0,None
2020-02-13,ATM_01,ATM_01_TechPark,Commercial / Tech Park,2500000,376300.0,136,2766.91,Thu,0,0,0,None
2020-02-13,ATM_02,ATM_02_ShoppingMall,Shopping Mall & Entertainment,3000000,463300.0,161,2877.64,Thu,0,0,0,None
2020-02-13,ATM_03,ATM_03_Residential,Residential Suburb,2000000,278500.0,122,2282.79,Thu,0,0,0,None
2020-02-13,ATM_04,ATM_04_TransitHub,Airport / Transit Terminal,3500000,636100.0,227,2802.2,Thu,0,0,0,None
2020-02-13,ATM_05,ATM_05_University,University Campus,1500000,215700.0,66,3268.18,Thu,0,0,0,None
2020-02-14,ATM_01,ATM_01_TechPark,Commercial / Tech Park,2500000,437300.0,147,2974.83,Fri,0,0,0,None
2020-02-14,ATM_02,ATM_02_ShoppingMall,Shopping Mall & Entertainment,3000000,422600.0,123,3435.77,Fri,0,0,0,None
2020-02-14,ATM_03,ATM_03_Residential,Residential Suburb,2000000,279800.0,89,3143.82,Fri,0,0,0,None
2020-02-14,ATM_04,ATM_04_TransitHub,Airport / Transit Terminal,3500000,650500.0,227,2865.64,Fri,0,0,0,None
2020-02-14,ATM_05,ATM_05_University,University Campus,1500000,211300.0,62,3408.06,Fri,0,0,0,None
2020-02-15,ATM_01,ATM_01_TechPark,Commercial / Tech Park,2500000,162700.0,51,3190.2,Sat,1,0,0,None
2020-02-15,ATM_02,ATM_02_ShoppingMall,Shopping Mall & Entertainment,3000000,667700.0,264,2529.17,Sat,1,0,0,None
2020-02-15,ATM_03,ATM_03_Residential,Residential Suburb,2000000,282500.0,93,3037.63,Sat,1,0,0,None
2020-02-15,ATM_04,ATM_04_TransitHub,Airport / Transit Terminal,3500000,705900.0,234,3016.67,Sat,1,0,0,None
2020-02-15,ATM_05,ATM_05_University,University Campus,1500000,104100.0,40,2602.5,Sat,1,0,0,None
2020-02-16,ATM_01,ATM_01_TechPark,Commercial / Tech Park,2500000,146800.0,57,2575.44,Sun,1,0,0,None
2020-02-16,ATM_02,ATM_02_ShoppingMall,Shopping Mall & Entertainment,3000000,705300.0,269,2621.93,Sun,1,0,0,None
2020-02-16,ATM_03,ATM_03_Residential,Residential Suburb,2000000,266700.0,106,2516.04,Sun,1,0,0,None
2020-02-16,ATM_04,ATM_04_TransitHub,Airport / Transit Terminal,3500000,702400.0,226,3107.96,Sun,1,0,0,None
2020-02-16,ATM_05,ATM_05_University,University Campus,1500000,82700.0,30,2756.67,Sun,1,0,0,None
2020-02-17,ATM_01,ATM_01_TechPark,Commercial / Tech Park,2500000,443100.0,152,2915.13,Mon,0,0,0,None
2020-02-17,ATM_02,ATM_02_ShoppingMall,Shopping Mall & Entertainment,3000000,309300.0,112,2761.61,Mon,0,0,0,None
2020-02-17,ATM_03,ATM_03_Residential,Residential Suburb,2000000,268300.0,79,3396.2,Mon,0,0,0,None
2020-02-17,ATM_04,ATM_04_TransitHub,Airport / Transit Terminal,3500000,559200.0,168,3328.57,Mon,0,0,0,None
2020-02-17,ATM_05,ATM_05_University,University Campus,1500000,178500.0,55,3245.45,Mon,0,0,0,None
2020-02-18,ATM_01,ATM_01_TechPark,Commercial / Tech Park,2500000,433300.0,163,2658.28,Tue,0,0,0,None
2020-02-18,ATM_02,ATM_02_ShoppingMall,Shopping Mall & Entertainment,3000000,353200.0,111,3181.98,Tue,0,0,0,None
2020-02-18,ATM_03,ATM_03_Residential,Residential Suburb,2000000,259300.0,94,2758.51,Tue,0,0,0,None
2020-02-18,ATM_04,ATM_04_TransitHub,Airport / Transit Terminal,3500000,461900.0,145,3185.52,Tue,0,0,0,None
2020-02-18,ATM_05,ATM_05_University,University Campus,1500000,162100.0,65,2493.85,Tue,0,0,0,None
2020-02-19,ATM_01,ATM_01_TechPark,Commercial / Tech Park,2500000,403300.0,162,2489.51,Wed,0,0,0,None
2020-02-19,ATM_02,ATM_02_ShoppingMall,Shopping Mall & Entertainment,3000000,364100.0,138,2638.41,Wed,0,0,0,None
2020-02-19,ATM_03,ATM_03_Residential,Residential Suburb,2000000,239200.0,77,3106.49,Wed,0,0,0,None
2020-02-19,ATM_04,ATM_04_TransitHub,Airport / Transit Terminal,3500000,557800.0,198,2817.17,Wed,0,0,0,None
2020-02-19,ATM_05,ATM_05_University,University Campus,1500000,180600.0,76,2376.32,Wed,0,0,0,None
2020-02-20,ATM_01,ATM_01_TechPark,Commercial / Tech Park,2500000,430200.0,158,2722.78,Thu,0,0,0,None
2020-02-20,ATM_02,ATM_02_ShoppingMall,Shopping Mall & Entertainment,3000000,409500.0,139,2946.04,Thu,0,0,0,None
2020-02-20,ATM_03,ATM_03_Residential,Residential Suburb,2000000,266200.0,112,2376.79,Thu,0,0,0,None
2020-02-20,ATM_04,ATM_04_TransitHub,Airport / Transit Terminal,3500000,653900.0,233,2806.44,Thu,0,0,0,None
2020-02-20,ATM_05,ATM_05_University,University Campus,1500000,199000.0,80,2487.5,Thu,0,0,0,None
2020-02-21,ATM_01,ATM_01_TechPark,Commercial / Tech Park,2500000,203000.0,77,2636.36,Fri,0,0,1,Maha Shivratri
2020-02-21,ATM_02,ATM_02_ShoppingMall,Shopping Mall & Entertainment,3000000,1032400.0,324,3186.42,Fri,0,0,1,Maha Shivratri
2020-02-21,ATM_03,ATM_03_Residential,Residential Suburb,2000000,272300.0,82,3320.73,Fri,0,0,1,Maha Shivratri
2020-02-21,ATM_04,ATM_04_TransitHub,Airport / Transit Terminal,3500000,1052200.0,472,2229.24,Fri,0,0,1,Maha Shivratri
2020-02-21,ATM_05,ATM_05_University,University Campus,1500000,62300.0,21,2966.67,Fri,0,0,1,Maha Shivratri
2020-02-22,ATM_01,ATM_01_TechPark,Commercial / Tech Park,2500000,191700.0,62,3091.94,Sat,1,0,0,None
2020-02-22,ATM_02,ATM_02_ShoppingMall,Shopping Mall & Entertainment,3000000,723000.0,224,3227.68,Sat,1,0,0,None
2020-02-22,ATM_03,ATM_03_Residential,Residential Suburb,2000000,264100.0,76,3475.0,Sat,1,0,0,None
2020-02-22,ATM_04,ATM_04_TransitHub,Airport / Transit Terminal,3500000,581800.0,236,2465.25,Sat,1,0,0,None
2020-02-22,ATM_05,ATM_05_University,University Campus,1500000,122800.0,51,2407.84,Sat,1,0,0,None
2020-02-23,ATM_01,ATM_01_TechPark,Commercial / Tech Park,2500000,139600.0,45,3102.22,Sun,1,0,0,None
2020-02-23,ATM_02,ATM_02_ShoppingMall,Shopping Mall & Entertainment,3000000,635400.0,204,3114.71,Sun,1,0,0,None
2020-02-23,ATM_03,ATM_03_Residential,Residential Suburb,2000000,270900.0,84,3225.0,Sun,1,0,0,None
2020-02-23,ATM_04,ATM_04_TransitHub,Airport / Transit Terminal,3500000,771900.0,243,3176.54,Sun,1,0,0,None
2020-02-23,ATM_05,ATM_05_University,University Campus,1500000,92400.0,39,2369.23,Sun,1,0,0,None
2020-02-24,ATM_01,ATM_01_TechPark,Commercial / Tech Park,2500000,495700.0,211,2349.29,Mon,0,0,0,None
2020-02-24,ATM_02,ATM_02_ShoppingMall,Shopping Mall & Entertainment,3000000,251600.0,112,2246.43,Mon,0,0,0,None
2020-02-24,ATM_03,ATM_03_Residential,Residential Suburb,2000000,253900.0,73,3478.08,Mon,0,0,0,None
2020-02-24,ATM_04,ATM_04_TransitHub,Airport / Transit Terminal,3500000,776800.0,286,2716.08,Mon,0,0,0,None
2020-02-24,ATM_05,ATM_05_University,University Campus,1500000,190500.0,61,3122.95,Mon,0,0,0,None
2020-02-25,ATM_01,ATM_01_TechPark,Commercial / Tech Park,2500000,422600.0,140,3018.57,Tue,0,0,0,None
2020-02-25,ATM_02,ATM_02_ShoppingMall,Shopping Mall & Entertainment,3000000,398900.0,120,3324.17,Tue,0,0,0,None
2020-02-25,ATM_03,ATM_03_Residential,Residential Suburb,2000000,252500.0,84,3005.95,Tue,0,0,0,None
2020-02-25,ATM_04,ATM_04_TransitHub,Airport / Transit Terminal,3500000,756200.0,235,3217.87,Tue,0,0,0,None
2020-02-25,ATM_05,ATM_05_University,University Campus,1500000,216300.0,81,2670.37,Tue,0,0,0,None
2020-02-26,ATM_01,ATM_01_TechPark,Commercial / Tech Park,2500000,387400.0,135,2869.63,Wed,0,0,0,None
2020-02-26,ATM_02,ATM_02_ShoppingMall,Shopping Mall & Entertainment,3000000,388000.0,146,2657.53,Wed,0,0,0,None
2020-02-26,ATM_03,ATM_03_Residential,Residential Suburb,2000000,253400.0,108,2346.3,Wed,0,0,0,None
2020-02-26,ATM_04,ATM_04_TransitHub,Airport / Transit Terminal,3500000,485800.0,140,3470.0,Wed,0,0,0,None
2020-02-26,ATM_05,ATM_05_University,University Campus,1500000,155800.0,49,3179.59,Wed,0,0,0,None
2020-02-27,ATM_01,ATM_01_TechPark,Commercial / Tech Park,2500000,386800.0,139,2782.73,Thu,0,0,0,None
2020-02-27,ATM_02,ATM_02_ShoppingMall,Shopping Mall & Entertainment,3000000,405300.0,158,2565.19,Thu,0,0,0,None
2020-02-27,ATM_03,ATM_03_Residential,Residential Suburb,2000000,207400.0,63,3292.06,Thu,0,0,0,None
2020-02-27,ATM_04,ATM_04_TransitHub,Airport / Transit Terminal,3500000,550200.0,198,2778.79,Thu,0,0,0,None
2020-02-27,ATM_05,ATM_05_University,University Campus,1500000,179100.0,56,3198.21,Thu,0,0,0,None
2020-02-28,ATM_01,ATM_01_TechPark,Commercial / Tech Park,2500000,486600.0,148,3287.84,Fri,0,0,0,None
2020-02-28,ATM_02,ATM_02_ShoppingMall,Shopping Mall & Entertainment,3000000,680200.0,294,2313.61,Fri,0,0,0,None
2020-02-28,ATM_03,ATM_03_Residential,Residential Suburb,2000000,271600.0,96,2829.17,Fri,0,0,0,None
2020-02-28,ATM_04,ATM_04_TransitHub,Airport / Transit Terminal,3500000,682000.0,227,3004.41,Fri,0,0,0,None
2020-02-28,ATM_05,ATM_05_University,University Campus,1500000,197200.0,59,3342.37,Fri,0,0,0,None
2020-02-29,ATM_01,ATM_01_TechPark,Commercial / Tech Park,2500000,180800.0,74,2443.24,Sat,1,0,0,None
2020-02-29,ATM_02,ATM_02_ShoppingMall,Shopping Mall & Entertainment,3000000,753500.0,285,2643.86,Sat,1,0,0,None
2020-02-29,ATM_03,ATM_03_Residential,Residential Suburb,2000000,309700.0,92,3366.3,Sat,1,0,0,None
2020-02-29,ATM_04,ATM_04_TransitHub,Airport / Transit Terminal,3500000,675600.0,305,2215.08,Sat,1,0,0,None
2020-02-29,ATM_05,ATM_05_University,University Campus,1500000,108800.0,31,3509.68,Sat,1,0,0,None
2020-03-01,ATM_01,ATM_01_TechPark,Commercial / Tech Park,2500000,271200.0,95,2854.74,Sun,1,1,0,None
2020-03-01,ATM_02,ATM_02_ShoppingMall,Shopping Mall & Entertainment,3000000,887300.0,278,3191.73,Sun,1,1,0,None
2020-03-01,ATM_03,ATM_03_Residential,Residential Suburb,2000000,362400.0,127,2853.54,Sun,1,1,0,None
2020-03-01,ATM_04,ATM_04_TransitHub,Airport / Transit Terminal,3500000,693300.0,214,3239.72,Sun,1,1,0,None
2020-03-01,ATM_05,ATM_05_University,University Campus,1500000,123800.0,39,3174.36,Sun,1,1,0,None
2020-03-02,ATM_01,ATM_01_TechPark,Commercial / Tech Park,2500000,828100.0,318,2604.09,Mon,0,1,0,None
2020-03-02,ATM_02,ATM_02_ShoppingMall,Shopping Mall & Entertainment,3000000,357700.0,123,2908.13,Mon,0,1,0,None
2020-03-02,ATM_03,ATM_03_Residential,Residential Suburb,2000000,345300.0,125,2762.4,Mon,0,1,0,None
2020-03-02,ATM_04,ATM_04_TransitHub,Airport / Transit Terminal,3500000,768300.0,246,3123.17,Mon,0,1,0,None
2020-03-02,ATM_05,ATM_05_University,University Campus,1500000,248700.0,97,2563.92,Mon,0,1,0,None
2020-03-03,ATM_01,ATM_01_TechPark,Commercial / Tech Park,2500000,767800.0,313,2453.04,Tue,0,1,0,None
2020-03-03,ATM_02,ATM_02_ShoppingMall,Shopping Mall & Entertainment,3000000,444800.0,188,2365.96,Tue,0,1,0,None
2020-03-03,ATM_03,ATM_03_Residential,Residential Suburb,2000000,291200.0,119,2447.06,Tue,0,1,0,None
2020-03-03,ATM_04,ATM_04_TransitHub,Airport / Transit Terminal,3500000,668500.0,269,2485.13,Tue,0,1,0,None
2020-03-03,ATM_05,ATM_05_University,University Campus,1500000,221500.0,63,3515.87,Tue,0,1,0,None
2020-03-04,ATM_01,ATM_01_TechPark,Commercial / Tech Park,2500000,742500.0,257,2889.11,Wed,0,1,0,None
2020-03-04,ATM_02,ATM_02_ShoppingMall,Shopping Mall & Entertainment,3000000,445600.0,181,2461.88,Wed,0,1,0,None
2020-03-04,ATM_03,ATM_03_Residential,Residential Suburb,2000000,331900.0,132,2514.39,Wed,0,1,0,None
2020-03-04,ATM_04,ATM_04_TransitHub,Airport / Transit Terminal,3500000,692300.0,239,2896.65,Wed,0,1,0,None
2020-03-04,ATM_05,ATM_05_University,University Campus,1500000,250300.0,97,2580.41,Wed,0,1,0,None
2020-03-05,ATM_01,ATM_01_TechPark,Commercial / Tech Park,2500000,845100.0,272,3106.99,Thu,0,1,0,None
2020-03-05,ATM_02,ATM_02_ShoppingMall,Shopping Mall & Entertainment,3000000,492500.0,208,2367.79,Thu,0,1,0,None
2020-03-05,ATM_03,ATM_03_Residential,Residential Suburb,2000000,349100.0,104,3356.73,Thu,0,1,0,None
2020-03-05,ATM_04,ATM_04_TransitHub,Airport / Transit Terminal,3500000,659900.0,223,2959.19,Thu,0,1,0,None
2020-03-05,ATM_05,ATM_05_University,University Campus,1500000,234100.0,95,2464.21,Thu,0,1,0,None
2020-03-06,ATM_01,ATM_01_TechPark,Commercial / Tech Park,2500000,507000.0,223,2273.54,Fri,0,0,0,None
2020-03-06,ATM_02,ATM_02_ShoppingMall,Shopping Mall & Entertainment,3000000,634200.0,194,3269.07,Fri,0,0,0,None
2020-03-06,ATM_03,ATM_03_Residential,Residential Suburb,2000000,258100.0,94,2745.74,Fri,0,0,0,None
2020-03-06,ATM_04,ATM_04_TransitHub,Airport / Transit Terminal,3500000,841200.0,370,2273.51,Fri,0,0,0,None
2020-03-06,ATM_05,ATM_05_University,University Campus,1500000,213100.0,89,2394.38,Fri,0,0,0,None
2020-03-07,ATM_01,ATM_01_TechPark,Commercial / Tech Park,2500000,168300.0,48,3506.25,Sat,1,0,0,None
2020-03-07,ATM_02,ATM_02_ShoppingMall,Shopping Mall & Entertainment,3000000,703800.0,298,2361.74,Sat,1,0,0,None
2020-03-07,ATM_03,ATM_03_Residential,Residential Suburb,2000000,284300.0,88,3230.68,Sat,1,0,0,None
2020-03-07,ATM_04,ATM_04_TransitHub,Airport / Transit Terminal,3500000,586100.0,235,2494.04,Sat,1,0,0,None
2020-03-07,ATM_05,ATM_05_University,University Campus,1500000,106100.0,38,2792.11,Sat,1,0,0,None
2020-03-08,ATM_01,ATM_01_TechPark,Commercial / Tech Park,2500000,137900.0,41,3363.41,Sun,1,0,0,None
2020-03-08,ATM_02,ATM_02_ShoppingMall,Shopping Mall & Entertainment,3000000,741800.0,246,3015.45,Sun,1,0,0,None
2020-03-08,ATM_03,ATM_03_Residential,Residential Suburb,2000000,276300.0,92,3003.26,Sun,1,0,0,None
2020-03-08,ATM_04,ATM_04_TransitHub,Airport / Transit Terminal,3500000,705600.0,285,2475.79,Sun,1,0,0,None
2020-03-08,ATM_05,ATM_05_University,University Campus,1500000,65700.0,26,2526.92,Sun,1,0,0,None
2020-03-09,ATM_01,ATM_01_TechPark,Commercial / Tech Park,2500000,447400.0,184,2431.52,Mon,0,0,0,None
2020-03-09,ATM_02,ATM_02_ShoppingMall,Shopping Mall & Entertainment,3000000,314400.0,136,2311.76,Mon,0,0,0,None
2020-03-09,ATM_03,ATM_03_Residential,Residential Suburb,2000000,282000.0,94,3000.0,Mon,0,0,0,None
2020-03-09,ATM_04,ATM_04_TransitHub,Airport / Transit Terminal,3500000,671400.0,260,2582.31,Mon,0,0,0,None
2020-03-09,ATM_05,ATM_05_University,University Campus,1500000,196400.0,63,3117.46,Mon,0,0,0,None
2020-03-10,ATM_01,ATM_01_TechPark,Commercial / Tech Park,2500000,197400.0,70,2820.0,Tue,0,0,1,Holi
2020-03-10,ATM_02,ATM_02_ShoppingMall,Shopping Mall & Entertainment,3000000,579800.0,179,3239.11,Tue,0,0,1,Holi
2020-03-10,ATM_03,ATM_03_Residential,Residential Suburb,2000000,230200.0,76,3028.95,Tue,0,0,1,Holi
2020-03-10,ATM_04,ATM_04_TransitHub,Airport / Transit Terminal,3500000,752300.0,273,2755.68,Tue,0,0,1,Holi
2020-03-10,ATM_05,ATM_05_University,University Campus,1500000,45600.0,15,3040.0,Tue,0,0,1,Holi
2020-03-11,ATM_01,ATM_01_TechPark,Commercial / Tech Park,2500000,375000.0,114,3289.47,Wed,0,0,0,None
2020-03-11,ATM_02,ATM_02_ShoppingMall,Shopping Mall & Entertainment,3000000,309300.0,134,2308.21,Wed,0,0,0,None
2020-03-11,ATM_03,ATM_03_Residential,Residential Suburb,2000000,245600.0,77,3189.61,Wed,0,0,0,None
2020-03-11,ATM_04,ATM_04_TransitHub,Airport / Transit Terminal,3500000,649900.0,221,2940.72,Wed,0,0,0,None
2020-03-11,ATM_05,ATM_05_University,University Campus,1500000,174400.0,56,3114.29,Wed,0,0,0,None
2020-03-12,ATM_01,ATM_01_TechPark,Commercial / Tech Park,2500000,456500.0,146,3126.71,Thu,0,0,0,None
2020-03-12,ATM_02,ATM_02_ShoppingMall,Shopping Mall & Entertainment,3000000,465100.0,163,2853.37,Thu,0,0,0,None
2020-03-12,ATM_03,ATM_03_Residential,Residential Suburb,2000000,240800.0,104,2315.38,Thu,0,0,0,None
2020-03-12,ATM_04,ATM_04_TransitHub,Airport / Transit Terminal,3500000,718500.0,274,2622.26,Thu,0,0,0,None
2020-03-12,ATM_05,ATM_05_University,University Campus,1500000,189200.0,74,2556.76,Thu,0,0,0,None
2020-03-13,ATM_01,ATM_01_TechPark,Commercial / Tech Park,2500000,584400.0,177,3301.69,Fri,0,0,0,None
2020-03-13,ATM_02,ATM_02_ShoppingMall,Shopping Mall & Entertainment,3000000,652900.0,221,2954.3,Fri,0,0,0,None
2020-03-13,ATM_03,ATM_03_Residential,Residential Suburb,2000000,324200.0,105,3087.62,Fri,0,0,0,None
2020-03-13,ATM_04,ATM_04_TransitHub,Airport / Transit Terminal,3500000,625700.0,245,2553.88,Fri,0,0,0,None
2020-03-13,ATM_05,ATM_05_University,University Campus,1500000,231100.0,82,2818.29,Fri,0,0,0,None
2020-03-14,ATM_01,ATM_01_TechPark,Commercial / Tech Park,2500000,185600.0,60,3093.33,Sat,1,0,0,None
2020-03-14,ATM_02,ATM_02_ShoppingMall,Shopping Mall & Entertainment,3000000,767400.0,259,2962.93,Sat,1,0,0,None
2020-03-14,ATM_03,ATM_03_Residential,Residential Suburb,2000000,276800.0,91,3041.76,Sat,1,0,0,None
2020-03-14,ATM_04,ATM_04_TransitHub,Airport / Transit Terminal,3500000,663600.0,250,2654.4,Sat,1,0,0,None
2020-03-14,ATM_05,ATM_05_University,University Campus,1500000,117800.0,44,2677.27,Sat,1,0,0,None
2020-03-15,ATM_01,ATM_01_TechPark,Commercial / Tech Park,2500000,129000.0,49,2632.65,Sun,1,0,0,None
2020-03-15,ATM_02,ATM_02_ShoppingMall,Shopping Mall & Entertainment,3000000,565200.0,182,3105.49,Sun,1,0,0,None
2020-03-15,ATM_03,ATM_03_Residential,Residential Suburb,2000000,267700.0,82,3264.63,Sun,1,0,0,None
2020-03-15,ATM_04,ATM_04_TransitHub,Airport / Transit Terminal,3500000,920500.0,315,2922.22,Sun,1,0,0,None
2020-03-15,ATM_05,ATM_05_University,University Campus,1500000,77700.0,29,2679.31,Sun,1,0,0,None
2020-03-16,ATM_01,ATM_01_TechPark,Commercial / Tech Park,2500000,467800.0,135,3465.19,Mon,0,0,0,None
2020-03-16,ATM_02,ATM_02_ShoppingMall,Shopping Mall & Entertainment,3000000,298000.0,85,3505.88,Mon,0,0,0,None
2020-03-16,ATM_03,ATM_03_Residential,Residential Suburb,2000000,275400.0,90,3060.0,Mon,0,0,0,None
2020-03-16,ATM_04,ATM_04_TransitHub,Airport / Transit Terminal,3500000,589800.0,241,2447.3,Mon,0,0,0,None
2020-03-16,ATM_05,ATM_05_University,University Campus,1500000,188500.0,70,2692.86,Mon,0,0,0,None
2020-03-17,ATM_01,ATM_01_TechPark,Commercial / Tech Park,2500000,440900.0,138,3194.93,Tue,0,0,0,None
2020-03-17,ATM_02,ATM_02_ShoppingMall,Shopping Mall & Entertainment,3000000,303400.0,123,2466.67,Tue,0,0,0,None
2020-03-17,ATM_03,ATM_03_Residential,Residential Suburb,2000000,208000.0,75,2773.33,Tue,0,0,0,None
2020-03-17,ATM_04,ATM_04_TransitHub,Airport / Transit Terminal,3500000,558000.0,179,3117.32,Tue,0,0,0,None
2020-03-17,ATM_05,ATM_05_University,University Campus,1500000,217100.0,72,3015.28,Tue,0,0,0,None
2020-03-18,ATM_01,ATM_01_TechPark,Commercial / Tech Park,2500000,481200.0,191,2519.37,Wed,0,0,0,None
2020-03-18,ATM_02,ATM_02_ShoppingMall,Shopping Mall & Entertainment,3000000,400700.0,137,2924.82,Wed,0,0,0,None
2020-03-18,ATM_03,ATM_03_Residential,Residential Suburb,2000000,254600.0,109,2335.78,Wed,0,0,0,None
2020-03-18,ATM_04,ATM_04_TransitHub,Airport / Transit Terminal,3500000,754900.0,269,2806.32,Wed,0,0,0,None
2020-03-18,ATM_05,ATM_05_University,University Campus,1500000,174700.0,74,2360.81,Wed,0,0,0,None
2020-03-19,ATM_01,ATM_01_TechPark,Commercial / Tech Park,2500000,459300.0,146,3145.89,Thu,0,0,0,None
2020-03-19,ATM_02,ATM_02_ShoppingMall,Shopping Mall & Entertainment,3000000,376100.0,131,2870.99,Thu,0,0,0,None
2020-03-19,ATM_03,ATM_03_Residential,Residential Suburb,2000000,242800.0,69,3518.84,Thu,0,0,0,None
2020-03-19,ATM_04,ATM_04_TransitHub,Airport / Transit Terminal,3500000,783500.0,311,2519.29,Thu,0,0,0,None
2020-03-19,ATM_05,ATM_05_University,University Campus,1500000,169300.0,49,3455.1,Thu,0,0,0,None
2020-03-20,ATM_01,ATM_01_TechPark,Commercial / Tech Park,2500000,486300.0,169,2877.51,Fri,0,0,0,None
2020-03-20,ATM_02,ATM_02_ShoppingMall,Shopping Mall & Entertainment,3000000,656500.0,256,2564.45,Fri,0,0,0,None
2020-03-20,ATM_03,ATM_03_Residential,Residential Suburb,2000000,242800.0,75,3237.33,Fri,0,0,0,None
2020-03-20,ATM_04,ATM_04_TransitHub,Airport / Transit Terminal,3500000,554700.0,193,2874.09,Fri,0,0,0,None
2020-03-20,ATM_05,ATM_05_University,University Campus,1500000,223200.0,68,3282.35,Fri,0,0,0,None
2020-03-21,ATM_01,ATM_01_TechPark,Commercial / Tech Park,2500000,177100.0,59,3001.69,Sat,1,0,0,None
2020-03-21,ATM_02,ATM_02_ShoppingMall,Shopping Mall & Entertainment,3000000,787600.0,225,3500.44,Sat,1,0,0,None
2020-03-21,ATM_03,ATM_03_Residential,Residential Suburb,2000000,272700.0,94,2901.06,Sat,1,0,0,None
2020-03-21,ATM_04,ATM_04_TransitHub,Airport / Transit Terminal,3500000,703500.0,265,2654.72,Sat,1,0,0,None
2020-03-21,ATM_05,ATM_05_University,University Campus,1500000,105000.0,37,2837.84,Sat,1,0,0,None
2020-03-22,ATM_01,ATM_01_TechPark,Commercial / Tech Park,2500000,135200.0,51,2650.98,Sun,1,0,0,None
2020-03-22,ATM_02,ATM_02_ShoppingMall,Shopping Mall & Entertainment,3000000,723300.0,245,2952.24,Sun,1,0,0,None
2020-03-22,ATM_03,ATM_03_Residential,Residential Suburb,2000000,301000.0,120,2508.33,Sun,1,0,0,None
2020-03-22,ATM_04,ATM_04_TransitHub,Airport / Transit Terminal,3500000,722700.0,228,3169.74,Sun,1,0,0,None
2020-03-22,ATM_05,ATM_05_University,University Campus,1500000,81800.0,26,3146.15,Sun,1,0,0,None
2020-03-23,ATM_01,ATM_01_TechPark,Commercial / Tech Park,2500000,472500.0,154,3068.18,Mon,0,0,0,None
2020-03-23,ATM_02,ATM_02_ShoppingMall,Shopping Mall & Entertainment,3000000,300500.0,91,3302.2,Mon,0,0,0,None
2020-03-23,ATM_03,ATM_03_Residential,Residential Suburb,2000000,283000.0,125,2264.0,Mon,0,0,0,None
2020-03-23,ATM_04,ATM_04_TransitHub,Airport / Transit Terminal,3500000,658600.0,230,2863.48,Mon,0,0,0,None
2020-03-23,ATM_05,ATM_05_University,University Campus,1500000,163600.0,49,3338.78,Mon,0,0,0,None
2020-03-24,ATM_01,ATM_01_TechPark,Commercial / Tech Park,2500000,400800.0,144,2783.33,Tue,0,0,0,None
2020-03-24,ATM_02,ATM_02_ShoppingMall,Shopping Mall & Entertainment,3000000,314300.0,100,3143.0,Tue,0,0,0,None
2020-03-24,ATM_03,ATM_03_Residential,Residential Suburb,2000000,236800.0,86,2753.49,Tue,0,0,0,None
2020-03-24,ATM_04,ATM_04_TransitHub,Airport / Transit Terminal,3500000,585200.0,208,2813.46,Tue,0,0,0,None
2020-03-24,ATM_05,ATM_05_University,University Campus,1500000,176800.0,51,3466.67,Tue,0,0,0,None
2020-03-25,ATM_01,ATM_01_TechPark,Commercial / Tech Park,2500000,215500.0,70,3078.57,Wed,0,0,0,None
2020-03-25,ATM_02,ATM_02_ShoppingMall,Shopping Mall & Entertainment,3000000,233100.0,70,3330.0,Wed,0,0,0,None
2020-03-25,ATM_03,ATM_03_Residential,Residential Suburb,2000000,141100.0,52,2713.46,Wed,0,0,0,None
2020-03-25,ATM_04,ATM_04_TransitHub,Airport / Transit Terminal,3500000,265800.0,101,2631.68,Wed,0,0,0,None
2020-03-25,ATM_05,ATM_05_University,University Campus,1500000,94100.0,28,3360.71,Wed,0,0,0,None
2020-03-26,ATM_01,ATM_01_TechPark,Commercial / Tech Park,2500000,209400.0,93,2251.61,Thu,0,0,0,None
2020-03-26,ATM_02,ATM_02_ShoppingMall,Shopping Mall & Entertainment,3000000,260000.0,76,3421.05,Thu,0,0,0,None
2020-03-26,ATM_03,ATM_03_Residential,Residential Suburb,2000000,140600.0,40,3515.0,Thu,0,0,0,None
2020-03-26,ATM_04,ATM_04_TransitHub,Airport / Transit Terminal,3500000,350800.0,150,2338.67,Thu,0,0,0,None
2020-03-26,ATM_05,ATM_05_University,University Campus,1500000,91900.0,30,3063.33,Thu,0,0,0,None
2020-03-27,ATM_01,ATM_01_TechPark,Commercial / Tech Park,2500000,290900.0,93,3127.96,Fri,0,0,0,None
2020-03-27,ATM_02,ATM_02_ShoppingMall,Shopping Mall & Entertainment,3000000,290800.0,86,3381.4,Fri,0,0,0,None
2020-03-27,ATM_03,ATM_03_Residential,Residential Suburb,2000000,160500.0,62,2588.71,Fri,0,0,0,None
2020-03-27,ATM_04,ATM_04_TransitHub,Airport / Transit Terminal,3500000,426500.0,158,2699.37,Fri,0,0,0,None
2020-03-27,ATM_05,ATM_05_University,University Campus,1500000,118400.0,40,2960.0,Fri,0,0,0,None
2020-03-28,ATM_01,ATM_01_TechPark,Commercial / Tech Park,2500000,106500.0,32,3328.12,Sat,1,0,0,None
2020-03-28,ATM_02,ATM_02_ShoppingMall,Shopping Mall & Entertainment,3000000,408000.0,122,3344.26,Sat,1,0,0,None
2020-03-28,ATM_03,ATM_03_Residential,Residential Suburb,2000000,158500.0,52,3048.08,Sat,1,0,0,None
2020-03-28,ATM_04,ATM_04_TransitHub,Airport / Transit Terminal,3500000,391100.0,163,2399.39,Sat,1,0,0,None
2020-03-28,ATM_05,ATM_05_University,University Campus,1500000,77500.0,27,2870.37,Sat,1,0,0,None
2020-03-29,ATM_01,ATM_01_TechPark,Commercial / Tech Park,2500000,76700.0,34,2255.88,Sun,1,0,0,None
2020-03-29,ATM_02,ATM_02_ShoppingMall,Shopping Mall & Entertainment,3000000,404800.0,124,3264.52,Sun,1,0,0,None
2020-03-29,ATM_03,ATM_03_Residential,Residential Suburb,2000000,163700.0,68,2407.35,Sun,1,0,0,None
2020-03-29,ATM_04,ATM_04_TransitHub,Airport / Transit Terminal,3500000,353700.0,127,2785.04,Sun,1,0,0,None
2020-03-29,ATM_05,ATM_05_University,University Campus,1500000,43100.0,14,3078.57,Sun,1,0,0,None
2020-03-30,ATM_01,ATM_01_TechPark,Commercial / Tech Park,2500000,274500.0,99,2772.73,Mon,0,0,0,None
2020-03-30,ATM_02,ATM_02_ShoppingMall,Shopping Mall & Entertainment,3000000,181900.0,73,2491.78,Mon,0,0,0,None
2020-03-30,ATM_03,ATM_03_Residential,Residential Suburb,2000000,162400.0,60,2706.67,Mon,0,0,0,None
2020-03-30,ATM_04,ATM_04_TransitHub,Airport / Transit Terminal,3500000,336100.0,114,2948.25,Mon,0,0,0,None
2020-03-30,ATM_05,ATM_05_University,University Campus,1500000,107000.0,36,2972.22,Mon,0,0,0,None
2020-03-31,ATM_01,ATM_01_TechPark,Commercial / Tech Park,2500000,257500.0,74,3479.73,Tue,0,0,0,None
2020-03-31,ATM_02,ATM_02_ShoppingMall,Shopping Mall & Entertainment,3000000,193300.0,63,3068.25,Tue,0,0,0,None
2020-03-31,ATM_03,ATM_03_Residential,Residential Suburb,2000000,130100.0,42,3097.62,Tue,0,0,0,None
2020-03-31,ATM_04,ATM_04_TransitHub,Airport / Transit Terminal,3500000,386300.0,121,3192.56,Tue,0,0,0,None
2020-03-31,ATM_05,ATM_05_University,University Campus,1500000,113500.0,39,2910.26,Tue,0,0,0,None
2020-04-01,ATM_01,ATM_01_TechPark,Commercial / Tech Park,2500000,413900.0,122,3392.62,Wed,0,1,0,None
2020-04-01,ATM_02,ATM_02_ShoppingMall,Shopping Mall & Entertainment,3000000,235900.0,78,3024.36,Wed,0,1,0,None
2020-04-01,ATM_03,ATM_03_Residential,Residential Suburb,2000000,195100.0,73,2672.6,Wed,0,1,0,None
2020-04-01,ATM_04,ATM_04_TransitHub,Airport / Transit Terminal,3500000,334100.0,108,3093.52,Wed,0,1,0,None
2020-04-01,ATM_05,ATM_05_University,University Campus,1500000,122200.0,38,3215.79,Wed,0,1,0,None
2020-04-02,ATM_01,ATM_01_TechPark,Commercial / Tech Park,2500000,154000.0,51,3019.61,Thu,0,1,1,Ram Navami
2020-04-02,ATM_02,ATM_02_ShoppingMall,Shopping Mall & Entertainment,3000000,415100.0,123,3374.8,Thu,0,1,1,Ram Navami
2020-04-02,ATM_03,ATM_03_Residential,Residential Suburb,2000000,194200.0,70,2774.29,Thu,0,1,1,Ram Navami
2020-04-02,ATM_04,ATM_04_TransitHub,Airport / Transit Terminal,3500000,534900.0,181,2955.25,Thu,0,1,1,Ram Navami
2020-04-02,ATM_05,ATM_05_University,University Campus,1500000,42200.0,16,2637.5,Thu,0,1,1,Ram Navami
2020-04-03,ATM_01,ATM_01_TechPark,Commercial / Tech Park,2500000,460500.0,145,3175.86,Fri,0,1,0,None
2020-04-03,ATM_02,ATM_02_ShoppingMall,Shopping Mall & Entertainment,3000000,385000.0,132,2916.67,Fri,0,1,0,None
2020-04-03,ATM_03,ATM_03_Residential,Residential Suburb,2000000,200800.0,57,3522.81,Fri,0,1,0,None
2020-04-03,ATM_04,ATM_04_TransitHub,Airport / Transit Terminal,3500000,339600.0,103,3297.09,Fri,0,1,0,None
2020-04-03,ATM_05,ATM_05_University,University Campus,1500000,148300.0,58,2556.9,Fri,0,1,0,None
2020-04-04,ATM_01,ATM_01_TechPark,Commercial / Tech Park,2500000,178800.0,55,3250.91,Sat,1,1,0,None
2020-04-04,ATM_02,ATM_02_ShoppingMall,Shopping Mall & Entertainment,3000000,428400.0,135,3173.33,Sat,1,1,0,None
2020-04-04,ATM_03,ATM_03_Residential,Residential Suburb,2000000,205000.0,59,3474.58,Sat,1,1,0,None
2020-04-04,ATM_04,ATM_04_TransitHub,Airport / Transit Terminal,3500000,462300.0,194,2382.99,Sat,1,1,0,None
2020-04-04,ATM_05,ATM_05_University,University Campus,1500000,105700.0,33,3203.03,Sat,1,1,0,None
2020-04-05,ATM_01,ATM_01_TechPark,Commercial / Tech Park,2500000,129100.0,37,3489.19,Sun,1,1,0,None
2020-04-05,ATM_02,ATM_02_ShoppingMall,Shopping Mall & Entertainment,3000000,527600.0,197,2678.17,Sun,1,1,0,None
2020-04-05,ATM_03,ATM_03_Residential,Residential Suburb,2000000,200000.0,61,3278.69,Sun,1,1,0,None
2020-04-05,ATM_04,ATM_04_TransitHub,Airport / Transit Terminal,3500000,518600.0,185,2803.24,Sun,1,1,0,None
2020-04-05,ATM_05,ATM_05_University,University Campus,1500000,64900.0,21,3090.48,Sun,1,1,0,None
2020-04-06,ATM_01,ATM_01_TechPark,Commercial / Tech Park,2500000,238300.0,72,3309.72,Mon,0,0,0,None
2020-04-06,ATM_02,ATM_02_ShoppingMall,Shopping Mall & Entertainment,3000000,159600.0,46,3469.57,Mon,0,0,0,None
2020-04-06,ATM_03,ATM_03_Residential,Residential Suburb,2000000,149500.0,66,2265.15,Mon,0,0,0,None
2020-04-06,ATM_04,ATM_04_TransitHub,Airport / Transit Terminal,3500000,386300.0,115,3359.13,Mon,0,0,0,None
2020-04-06,ATM_05,ATM_05_University,University Campus,1500000,86000.0,34,2529.41,Mon,0,0,0,None
2020-04-07,ATM_01,ATM_01_TechPark,Commercial / Tech Park,2500000,223800.0,98,2283.67,Tue,0,0,0,None
2020-04-07,ATM_02,ATM_02_ShoppingMall,Shopping Mall & Entertainment,3000000,211700.0,81,2613.58,Tue,0,0,0,None
2020-04-07,ATM_03,ATM_03_Residential,Residential Suburb,2000000,115400.0,42,2747.62,Tue,0,0,0,None
2020-04-07,ATM_04,ATM_04_TransitHub,Airport / Transit Terminal,3500000,394500.0,151,2612.58,Tue,0,0,0,None
2020-04-07,ATM_05,ATM_05_University,University Campus,1500000,117900.0,41,2875.61,Tue,0,0,0,None
2020-04-08,ATM_01,ATM_01_TechPark,Commercial / Tech Park,2500000,260300.0,109,2388.07,Wed,0,0,0,None
2020-04-08,ATM_02,ATM_02_ShoppingMall,Shopping Mall & Entertainment,3000000,229400.0,82,2797.56,Wed,0,0,0,None
2020-04-08,ATM_03,ATM_03_Residential,Residential Suburb,2000000,124600.0,36,3461.11,Wed,0,0,0,None
2020-04-08,ATM_04,ATM_04_TransitHub,Airport / Transit Terminal,3500000,269500.0,98,2750.0,Wed,0,0,0,None
2020-04-08,ATM_05,ATM_05_University,University Campus,1500000,96200.0,35,2748.57,Wed,0,0,0,None
2020-04-09,ATM_01,ATM_01_TechPark,Commercial / Tech Park,2500000,228800.0,98,2334.69,Thu,0,0,0,None
2020-04-09,ATM_02,ATM_02_ShoppingMall,Shopping Mall & Entertainment,3000000,205600.0,59,3484.75,Thu,0,0,0,None
2020-04-09,ATM_03,ATM_03_Residential,Residential Suburb,2000000,135500.0,60,2258.33,Thu,0,0,0,None
2020-04-09,ATM_04,ATM_04_TransitHub,Airport / Transit Terminal,3500000,318300.0,92,3459.78,Thu,0,0,0,None
2020-04-09,ATM_05,ATM_05_University,University Campus,1500000,108100.0,32,3378.12,Thu,0,0,0,None
2020-04-10,ATM_01,ATM_01_TechPark,Commercial / Tech Park,2500000,119800.0,41,2921.95,Fri,0,0,1,Good Friday
2020-04-10,ATM_02,ATM_02_ShoppingMall,Shopping Mall & Entertainment,3000000,614100.0,176,3489.2,Fri,0,0,1,Good Friday
2020-04-10,ATM_03,ATM_03_Residential,Residential Suburb,2000000,153000.0,62,2467.74,Fri,0,0,1,Good Friday
2020-04-10,ATM_04,ATM_04_TransitHub,Airport / Transit Terminal,3500000,633400.0,268,2363.43,Fri,0,0,1,Good Friday
2020-04-10,ATM_05,ATM_05_University,University Campus,1500000,34900.0,11,3172.73,Fri,0,0,1,Good Friday
2020-04-11,ATM_01,ATM_01_TechPark,Commercial / Tech Park,2500000,91100.0,30,3036.67,Sat,1,0,0,None
2020-04-11,ATM_02,ATM_02_ShoppingMall,Shopping Mall & Entertainment,3000000,390900.0,121,3230.58,Sat,1,0,0,None
2020-04-11,ATM_03,ATM_03_Residential,Residential Suburb,2000000,153100.0,60,2551.67,Sat,1,0,0,None
2020-04-11,ATM_04,ATM_04_TransitHub,Airport / Transit Terminal,3500000,424400.0,185,2294.05,Sat,1,0,0,None
2020-04-11,ATM_05,ATM_05_University,University Campus,1500000,69600.0,21,3314.29,Sat,1,0,0,None
2020-04-12,ATM_01,ATM_01_TechPark,Commercial / Tech Park,2500000,77500.0,23,3369.57,Sun,1,0,0,None
2020-04-12,ATM_02,ATM_02_ShoppingMall,Shopping Mall & Entertainment,3000000,398700.0,151,2640.4,Sun,1,0,0,None
2020-04-12,ATM_03,ATM_03_Residential,Residential Suburb,2000000,163200.0,74,2205.41,Sun,1,0,0,None
2020-04-12,ATM_04,ATM_04_TransitHub,Airport / Transit Terminal,3500000,473700.0,142,3335.92,Sun,1,0,0,None
2020-04-12,ATM_05,ATM_05_University,University Campus,1500000,47200.0,18,2622.22,Sun,1,0,0,None
2020-04-13,ATM_01,ATM_01_TechPark,Commercial / Tech Park,2500000,259100.0,106,2444.34,Mon,0,0,0,None
2020-04-13,ATM_02,ATM_02_ShoppingMall,Shopping Mall & Entertainment,3000000,178600.0,80,2232.5,Mon,0,0,0,None
2020-04-13,ATM_03,ATM_03_Residential,Residential Suburb,2000000,142900.0,44,3247.73,Mon,0,0,0,None
2020-04-13,ATM_04,ATM_04_TransitHub,Airport / Transit Terminal,3500000,369000.0,152,2427.63,Mon,0,0,0,None
2020-04-13,ATM_05,ATM_05_University,University Campus,1500000,114000.0,50,2280.0,Mon,0,0,0,None
2020-04-14,ATM_01,ATM_01_TechPark,Commercial / Tech Park,2500000,95500.0,30,3183.33,Tue,0,0,1,Dr Ambedkar Jayanti
2020-04-14,ATM_02,ATM_02_ShoppingMall,Shopping Mall & Entertainment,3000000,304700.0,108,2821.3,Tue,0,0,1,Dr Ambedkar Jayanti
2020-04-14,ATM_03,ATM_03_Residential,Residential Suburb,2000000,145700.0,62,2350.0,Tue,0,0,1,Dr Ambedkar Jayanti
2020-04-14,ATM_04,ATM_04_TransitHub,Airport / Transit Terminal,3500000,414200.0,145,2856.55,Tue,0,0,1,Dr Ambedkar Jayanti
2020-04-14,ATM_05,ATM_05_University,University Campus,1500000,31100.0,9,3455.56,Tue,0,0,1,Dr Ambedkar Jayanti
2020-04-15,ATM_01,ATM_01_TechPark,Commercial / Tech Park,2500000,227100.0,68,3339.71,Wed,0,0,0,None
2020-04-15,ATM_02,ATM_02_ShoppingMall,Shopping Mall & Entertainment,3000000,182400.0,52,3507.69,Wed,0,0,0,None
2020-04-15,ATM_03,ATM_03_Residential,Residential Suburb,2000000,129700.0,56,2316.07,Wed,0,0,0,None
2020-04-15,ATM_04,ATM_04_TransitHub,Airport / Transit Terminal,3500000,286800.0,92,3117.39,Wed,0,0,0,None
2020-04-15,ATM_05,ATM_05_University,University Campus,1500000,97600.0,34,2870.59,Wed,0,0,0,None
2020-04-16,ATM_01,ATM_01_TechPark,Commercial / Tech Park,2500000,246200.0,106,2322.64,Thu,0,0,0,None
2020-04-16,ATM_02,ATM_02_ShoppingMall,Shopping Mall & Entertainment,3000000,224100.0,74,3028.38,Thu,0,0,0,None
2020-04-16,ATM_03,ATM_03_Residential,Residential Suburb,2000000,140900.0,46,3063.04,Thu,0,0,0,None
2020-04-16,ATM_04,ATM_04_TransitHub,Airport / Transit Terminal,3500000,362900.0,124,2926.61,Thu,0,0,0,None
2020-04-16,ATM_05,ATM_05_University,University Campus,1500000,87600.0,30,2920.0,Thu,0,0,0,None
2020-04-17,ATM_01,ATM_01_TechPark,Commercial / Tech Park,2500000,335300.0,120,2794.17,Fri,0,0,0,None
2020-04-17,ATM_02,ATM_02_ShoppingMall,Shopping Mall & Entertainment,3000000,302000.0,97,3113.4,Fri,0,0,0,None
2020-04-17,ATM_03,ATM_03_Residential,Residential Suburb,2000000,142200.0,42,3385.71,Fri,0,0,0,None
2020-04-17,ATM_04,ATM_04_TransitHub,Airport / Transit Terminal,3500000,351500.0,112,3138.39,Fri,0,0,0,None
2020-04-17,ATM_05,ATM_05_University,University Campus,1500000,96400.0,38,2536.84,Fri,0,0,0,None
2020-04-18,ATM_01,ATM_01_TechPark,Commercial / Tech Park,2500000,92700.0,35,2648.57,Sat,1,0,0,None
2020-04-18,ATM_02,ATM_02_ShoppingMall,Shopping Mall & Entertainment,3000000,406200.0,145,2801.38,Sat,1,0,0,None
2020-04-18,ATM_03,ATM_03_Residential,Residential Suburb,2000000,150700.0,54,2790.74,Sat,1,0,0,None
2020-04-18,ATM_04,ATM_04_TransitHub,Airport / Transit Terminal,3500000,393100.0,128,3071.09,Sat,1,0,0,None
2020-04-18,ATM_05,ATM_05_University,University Campus,1500000,61900.0,18,3438.89,Sat,1,0,0,None
2020-04-19,ATM_01,ATM_01_TechPark,Commercial / Tech Park,2500000,78800.0,34,2317.65,Sun,1,0,0,None
2020-04-19,ATM_02,ATM_02_ShoppingMall,Shopping Mall & Entertainment,3000000,381700.0,164,2327.44,Sun,1,0,0,None
2020-04-19,ATM_03,ATM_03_Residential,Residential Suburb,2000000,148000.0,46,3217.39,Sun,1,0,0,None
2020-04-19,ATM_04,ATM_04_TransitHub,Airport / Transit Terminal,3500000,415500.0,140,2967.86,Sun,1,0,0,None
2020-04-19,ATM_05,ATM_05_University,University Campus,1500000,41000.0,13,3153.85,Sun,1,0,0,None
2020-04-20,ATM_01,ATM_01_TechPark,Commercial / Tech Park,2500000,245800.0,92,2671.74,Mon,0,0,0,None
2020-04-20,ATM_02,ATM_02_ShoppingMall,Shopping Mall & Entertainment,3000000,188800.0,61,3095.08,Mon,0,0,0,None
2020-04-20,ATM_03,ATM_03_Residential,Residential Suburb,2000000,144600.0,46,3143.48,Mon,0,0,0,None
2020-04-20,ATM_04,ATM_04_TransitHub,Airport / Transit Terminal,3500000,277700.0,80,3471.25,Mon,0,0,0,None
2020-04-20,ATM_05,ATM_05_University,University Campus,1500000,98400.0,33,2981.82,Mon,0,0,0,None
2020-04-21,ATM_01,ATM_01_TechPark,Commercial / Tech Park,2500000,229300.0,92,2492.39,Tue,0,0,0,None
2020-04-21,ATM_02,ATM_02_ShoppingMall,Shopping Mall & Entertainment,3000000,185200.0,79,2344.3,Tue,0,0,0,None
2020-04-21,ATM_03,ATM_03_Residential,Residential Suburb,2000000,126200.0,38,3321.05,Tue,0,0,0,None
2020-04-21,ATM_04,ATM_04_TransitHub,Airport / Transit Terminal,3500000,287200.0,97,2960.82,Tue,0,0,0,None
2020-04-21,ATM_05,ATM_05_University,University Campus,1500000,112400.0,34,3305.88,Tue,0,0,0,None
2020-04-22,ATM_01,ATM_01_TechPark,Commercial / Tech Park,2500000,256900.0,78,3293.59,Wed,0,0,0,None
2020-04-22,ATM_02,ATM_02_ShoppingMall,Shopping Mall & Entertainment,3000000,159000.0,53,3000.0,Wed,0,0,0,None
2020-04-22,ATM_03,ATM_03_Residential,Residential Suburb,2000000,129700.0,38,3413.16,Wed,0,0,0,None
2020-04-22,ATM_04,ATM_04_TransitHub,Airport / Transit Terminal,3500000,319100.0,97,3289.69,Wed,0,0,0,None
2020-04-22,ATM_05,ATM_05_University,University Campus,1500000,95800.0,30,3193.33,Wed,0,0,0,None
2020-04-23,ATM_01,ATM_01_TechPark,Commercial / Tech Park,2500000,251900.0,96,2623.96,Thu,0,0,0,None
2020-04-23,ATM_02,ATM_02_ShoppingMall,Shopping Mall & Entertainment,3000000,227600.0,68,3347.06,Thu,0,0,0,None
2020-04-23,ATM_03,ATM_03_Residential,Residential Suburb,2000000,135700.0,46,2950.0,Thu,0,0,0,None
2020-04-23,ATM_04,ATM_04_TransitHub,Airport / Transit Terminal,3500000,330600.0,109,3033.03,Thu,0,0,0,None
2020-04-23,ATM_05,ATM_05_University,University Campus,1500000,103900.0,46,2258.7,Thu,0,0,0,None
2020-04-24,ATM_01,ATM_01_TechPark,Commercial / Tech Park,2500000,272200.0,99,2749.49,Fri,0,0,0,None
2020-04-24,ATM_02,ATM_02_ShoppingMall,Shopping Mall & Entertainment,3000000,291500.0,110,2650.0,Fri,0,0,0,None
2020-04-24,ATM_03,ATM_03_Residential,Residential Suburb,2000000,135100.0,42,3216.67,Fri,0,0,0,None
2020-04-24,ATM_04,ATM_04_TransitHub,Airport / Transit Terminal,3500000,455200.0,154,2955.84,Fri,0,0,0,None
2020-04-24,ATM_05,ATM_05_University,University Campus,1500000,113000.0,46,2456.52,Fri,0,0,0,None
2020-04-25,ATM_01,ATM_01_TechPark,Commercial / Tech Park,2500000,99400.0,33,3012.12,Sat,1,0,0,None
2020-04-25,ATM_02,ATM_02_ShoppingMall,Shopping Mall & Entertainment,3000000,383100.0,125,3064.8,Sat,1,0,0,None
2020-04-25,ATM_03,ATM_03_Residential,Residential Suburb,2000000,147700.0,52,2840.38,Sat,1,0,0,None
2020-04-25,ATM_04,ATM_04_TransitHub,Airport / Transit Terminal,3500000,348500.0,109,3197.25,Sat,1,0,0,None
2020-04-25,ATM_05,ATM_05_University,University Campus,1500000,65900.0,28,2353.57,Sat,1,0,0,None
2020-04-26,ATM_01,ATM_01_TechPark,Commercial / Tech Park,2500000,71800.0,23,3121.74,Sun,1,0,0,None
2020-04-26,ATM_02,ATM_02_ShoppingMall,Shopping Mall & Entertainment,3000000,386500.0,136,2841.91,Sun,1,0,0,None
2020-04-26,ATM_03,ATM_03_Residential,Residential Suburb,2000000,150100.0,55,2729.09,Sun,1,0,0,None
2020-04-26,ATM_04,ATM_04_TransitHub,Airport / Transit Terminal,3500000,380300.0,127,2994.49,Sun,1,0,0,None
2020-04-26,ATM_05,ATM_05_University,University Campus,1500000,49400.0,19,2600.0,Sun,1,0,0,None
2020-04-27,ATM_01,ATM_01_TechPark,Commercial / Tech Park,2500000,251600.0,105,2396.19,Mon,0,0,0,None
2020-04-27,ATM_02,ATM_02_ShoppingMall,Shopping Mall & Entertainment,3000000,180200.0,81,2224.69,Mon,0,0,0,None
2020-04-27,ATM_03,ATM_03_Residential,Residential Suburb,2000000,152300.0,48,3172.92,Mon,0,0,0,None
2020-04-27,ATM_04,ATM_04_TransitHub,Airport / Transit Terminal,3500000,385400.0,123,3133.33,Mon,0,0,0,None
2020-04-27,ATM_05,ATM_05_University,University Campus,1500000,113900.0,39,2920.51,Mon,0,0,0,None
2020-04-28,ATM_01,ATM_01_TechPark,Commercial / Tech Park,2500000,257200.0,112,2296.43,Tue,0,0,0,None
2020-04-28,ATM_02,ATM_02_ShoppingMall,Shopping Mall & Entertainment,3000000,162600.0,48,3387.5,Tue,0,0,0,None
2020-04-28,ATM_03,ATM_03_Residential,Residential Suburb,2000000,132300.0,38,3481.58,Tue,0,0,0,None
2020-04-28,ATM_04,ATM_04_TransitHub,Airport / Transit Terminal,3500000,334900.0,100,3349.0,Tue,0,0,0,None
2020-04-28,ATM_05,ATM_05_University,University Campus,1500000,90400.0,28,3228.57,Tue,0,0,0,None
2020-04-29,ATM_01,ATM_01_TechPark,Commercial / Tech Park,2500000,218000.0,79,2759.49,Wed,0,0,0,None
2020-04-29,ATM_02,ATM_02_ShoppingMall,Shopping Mall & Entertainment,3000000,208000.0,79,2632.91,Wed,0,0,0,None
2020-04-29,ATM_03,ATM_03_Residential,Residential Suburb,2000000,131900.0,40,3297.5,Wed,0,0,0,None
2020-04-29,ATM_04,ATM_04_TransitHub,Airport / Transit Terminal,3500000,271700.0,80,3396.25,Wed,0,0,0,None
2020-04-29,ATM_05,ATM_05_University,University Campus,1500000,85300.0,36,2369.44,Wed,0,0,0,None
2020-04-30,ATM_01,ATM_01_TechPark,Commercial / Tech Park,2500000,247900.0,83,2986.75,Thu,0,0,0,None
2020-04-30,ATM_02,ATM_02_ShoppingMall,Shopping Mall & Entertainment,3000000,214800.0,74,2902.7,Thu,0,0,0,None
2020-04-30,ATM_03,ATM_03_Residential,Residential Suburb,2000000,129400.0,48,2695.83,Thu,0,0,0,None
2020-04-30,ATM_04,ATM_04_TransitHub,Airport / Transit Terminal,3500000,371500.0,141,2634.75,Thu,0,0,0,None
2020-04-30,ATM_05,ATM_05_University,University Campus,1500000,106300.0,45,2362.22,Thu,0,0,0,None
2020-05-01,ATM_01,ATM_01_TechPark,Commercial / Tech Park,2500000,203100.0,70,2901.43,Fri,0,1,1,May Day
2020-05-01,ATM_02,ATM_02_ShoppingMall,Shopping Mall & Entertainment,3000000,716000.0,227,3154.19,Fri,0,1,1,May Day
2020-05-01,ATM_03,ATM_03_Residential,Residential Suburb,2000000,204400.0,62,3296.77,Fri,0,1,1,May Day
2020-05-01,ATM_04,ATM_04_TransitHub,Airport / Transit Terminal,3500000,677200.0,283,2392.93,Fri,0,1,1,May Day
2020-05-01,ATM_05,ATM_05_University,University Campus,1500000,42700.0,17,2511.76,Fri,0,1,1,May Day
2020-05-02,ATM_01,ATM_01_TechPark,Commercial / Tech Park,2500000,150500.0,49,3071.43,Sat,1,1,0,None
2020-05-02,ATM_02,ATM_02_ShoppingMall,Shopping Mall & Entertainment,3000000,421300.0,173,2435.26,Sat,1,1,0,None
2020-05-02,ATM_03,ATM_03_Residential,Residential Suburb,2000000,206600.0,64,3228.12,Sat,1,1,0,None
2020-05-02,ATM_04,ATM_04_TransitHub,Airport / Transit Terminal,3500000,372500.0,116,3211.21,Sat,1,1,0,None
2020-05-02,ATM_05,ATM_05_University,University Campus,1500000,71300.0,24,2970.83,Sat,1,1,0,None
2020-05-03,ATM_01,ATM_01_TechPark,Commercial / Tech Park,2500000,138700.0,45,3082.22,Sun,1,1,0,None
2020-05-03,ATM_02,ATM_02_ShoppingMall,Shopping Mall & Entertainment,3000000,378000.0,125,3024.0,Sun,1,1,0,None
2020-05-03,ATM_03,ATM_03_Residential,Residential Suburb,2000000,183900.0,76,2419.74,Sun,1,1,0,None
2020-05-03,ATM_04,ATM_04_TransitHub,Airport / Transit Terminal,3500000,496000.0,191,2596.86,Sun,1,1,0,None
2020-05-03,ATM_05,ATM_05_University,University Campus,1500000,65700.0,25,2628.0,Sun,1,1,0,None
2020-05-04,ATM_01,ATM_01_TechPark,Commercial / Tech Park,2500000,469600.0,180,2608.89,Mon,0,1,0,None
2020-05-04,ATM_02,ATM_02_ShoppingMall,Shopping Mall & Entertainment,3000000,221900.0,79,2808.86,Mon,0,1,0,None
2020-05-04,ATM_03,ATM_03_Residential,Residential Suburb,2000000,212100.0,92,2305.43,Mon,0,1,0,None
2020-05-04,ATM_04,ATM_04_TransitHub,Airport / Transit Terminal,3500000,446400.0,134,3331.34,Mon,0,1,0,None
2020-05-04,ATM_05,ATM_05_University,University Campus,1500000,156300.0,54,2894.44,Mon,0,1,0,None
2020-05-05,ATM_01,ATM_01_TechPark,Commercial / Tech Park,2500000,376400.0,134,2808.96,Tue,0,1,0,None
2020-05-05,ATM_02,ATM_02_ShoppingMall,Shopping Mall & Entertainment,3000000,189400.0,56,3382.14,Tue,0,1,0,None
2020-05-05,ATM_03,ATM_03_Residential,Residential Suburb,2000000,167300.0,60,2788.33,Tue,0,1,0,None
2020-05-05,ATM_04,ATM_04_TransitHub,Airport / Transit Terminal,3500000,400100.0,152,2632.24,Tue,0,1,0,None
2020-05-05,ATM_05,ATM_05_University,University Campus,1500000,122000.0,43,2837.21,Tue,0,1,0,None
2020-05-06,ATM_01,ATM_01_TechPark,Commercial / Tech Park,2500000,228700.0,97,2357.73,Wed,0,0,0,None
2020-05-06,ATM_02,ATM_02_ShoppingMall,Shopping Mall & Entertainment,3000000,207100.0,61,3395.08,Wed,0,0,0,None
2020-05-06,ATM_03,ATM_03_Residential,Residential Suburb,2000000,121800.0,42,2900.0,Wed,0,0,0,None
2020-05-06,ATM_04,ATM_04_TransitHub,Airport / Transit Terminal,3500000,371100.0,153,2425.49,Wed,0,0,0,None
2020-05-06,ATM_05,ATM_05_University,University Campus,1500000,94800.0,34,2788.24,Wed,0,0,0,None
2020-05-07,ATM_01,ATM_01_TechPark,Commercial / Tech Park,2500000,255900.0,88,2907.95,Thu,0,0,0,None
2020-05-07,ATM_02,ATM_02_ShoppingMall,Shopping Mall & Entertainment,3000000,236700.0,92,2572.83,Thu,0,0,0,None
2020-05-07,ATM_03,ATM_03_Residential,Residential Suburb,2000000,139100.0,50,2782.0,Thu,0,0,0,None
2020-05-07,ATM_04,ATM_04_TransitHub,Airport / Transit Terminal,3500000,314000.0,97,3237.11,Thu,0,0,0,None
2020-05-07,ATM_05,ATM_05_University,University Campus,1500000,109500.0,36,3041.67,Thu,0,0,0,None
2020-05-08,ATM_01,ATM_01_TechPark,Commercial / Tech Park,2500000,276500.0,89,3106.74,Fri,0,0,0,None
2020-05-08,ATM_02,ATM_02_ShoppingMall,Shopping Mall & Entertainment,3000000,313300.0,121,2589.26,Fri,0,0,0,None
2020-05-08,ATM_03,ATM_03_Residential,Residential Suburb,2000000,140000.0,41,3414.63,Fri,0,0,0,None
2020-05-08,ATM_04,ATM_04_TransitHub,Airport / Transit Terminal,3500000,324500.0,97,3345.36,Fri,0,0,0,None
2020-05-08,ATM_05,ATM_05_University,University Campus,1500000,101800.0,42,2423.81,Fri,0,0,0,None
2020-05-09,ATM_01,ATM_01_TechPark,Commercial / Tech Park,2500000,105200.0,39,2697.44,Sat,1,0,0,None
2020-05-09,ATM_02,ATM_02_ShoppingMall,Shopping Mall & Entertainment,3000000,449900.0,166,2710.24,Sat,1,0,0,None
2020-05-09,ATM_03,ATM_03_Residential,Residential Suburb,2000000,148700.0,50,2974.0,Sat,1,0,0,None
2020-05-09,ATM_04,ATM_04_TransitHub,Airport / Transit Terminal,3500000,412000.0,153,2692.81,Sat,1,0,0,None
2020-05-09,ATM_05,ATM_05_University,University Campus,1500000,61300.0,18,3405.56,Sat,1,0,0,None
2020-05-10,ATM_01,ATM_01_TechPark,Commercial / Tech Park,2500000,78400.0,23,3408.7,Sun,1,0,0,None
2020-05-10,ATM_02,ATM_02_ShoppingMall,Shopping Mall & Entertainment,3000000,316600.0,100,3166.0,Sun,1,0,0,None
2020-05-10,ATM_03,ATM_03_Residential,Residential Suburb,2000000,144500.0,47,3074.47,Sun,1,0,0,None
2020-05-10,ATM_04,ATM_04_TransitHub,Airport / Transit Terminal,3500000,333800.0,121,2758.68,Sun,1,0,0,None
2020-05-10,ATM_05,ATM_05_University,University Campus,1500000,42600.0,17,2505.88,Sun,1,0,0,None
2020-05-11,ATM_01,ATM_01_TechPark,Commercial / Tech Park,2500000,260600.0,105,2481.9,Mon,0,0,0,None
2020-05-11,ATM_02,ATM_02_ShoppingMall,Shopping Mall & Entertainment,3000000,197000.0,78,2525.64,Mon,0,0,0,None
2020-05-11,ATM_03,ATM_03_Residential,Residential Suburb,2000000,138900.0,58,2394.83,Mon,0,0,0,None
2020-05-11,ATM_04,ATM_04_TransitHub,Airport / Transit Terminal,3500000,433300.0,185,2342.16,Mon,0,0,0,None
2020-05-11,ATM_05,ATM_05_University,University Campus,1500000,112100.0,35,3202.86,Mon,0,0,0,None
2020-05-12,ATM_01,ATM_01_TechPark,Commercial / Tech Park,2500000,255600.0,113,2261.95,Tue,0,0,0,None
2020-05-12,ATM_02,ATM_02_ShoppingMall,Shopping Mall & Entertainment,3000000,155600.0,58,2682.76,Tue,0,0,0,None
2020-05-12,ATM_03,ATM_03_Residential,Residential Suburb,2000000,129000.0,47,2744.68,Tue,0,0,0,None
2020-05-12,ATM_04,ATM_04_TransitHub,Airport / Transit Terminal,3500000,306300.0,127,2411.81,Tue,0,0,0,None
2020-05-12,ATM_05,ATM_05_University,University Campus,1500000,106700.0,32,3334.38,Tue,0,0,0,None
2020-05-13,ATM_01,ATM_01_TechPark,Commercial / Tech Park,2500000,198000.0,81,2444.44,Wed,0,0,0,None
2020-05-13,ATM_02,ATM_02_ShoppingMall,Shopping Mall & Entertainment,3000000,182100.0,59,3086.44,Wed,0,0,0,None
2020-05-13,ATM_03,ATM_03_Residential,Residential Suburb,2000000,131600.0,52,2530.77,Wed,0,0,0,None
2020-05-13,ATM_04,ATM_04_TransitHub,Airport / Transit Terminal,3500000,290900.0,91,3196.7,Wed,0,0,0,None
2020-05-13,ATM_05,ATM_05_University,University Campus,1500000,97100.0,34,2855.88,Wed,0,0,0,None
2020-05-14,ATM_01,ATM_01_TechPark,Commercial / Tech Park,2500000,219800.0,67,3280.6,Thu,0,0,0,None
2020-05-14,ATM_02,ATM_02_ShoppingMall,Shopping Mall & Entertainment,3000000,220800.0,78,2830.77,Thu,0,0,0,None
2020-05-14,ATM_03,ATM_03_Residential,Residential Suburb,2000000,136500.0,39,3500.0,Thu,0,0,0,None
2020-05-14,ATM_04,ATM_04_TransitHub,Airport / Transit Terminal,3500000,309400.0,88,3515.91,Thu,0,0,0,None
2020-05-14,ATM_05,ATM_05_University,University Campus,1500000,92200.0,34,2711.76,Thu,0,0,0,None
2020-05-15,ATM_01,ATM_01_TechPark,Commercial / Tech Park,2500000,271900.0,94,2892.55,Fri,0,0,0,None
2020-05-15,ATM_02,ATM_02_ShoppingMall,Shopping Mall & Entertainment,3000000,363300.0,112,3243.75,Fri,0,0,0,None
2020-05-15,ATM_03,ATM_03_Residential,Residential Suburb,2000000,138800.0,58,2393.1,Fri,0,0,0,None
2020-05-15,ATM_04,ATM_04_TransitHub,Airport / Transit Terminal,3500000,392400.0,117,3353.85,Fri,0,0,0,None
2020-05-15,ATM_05,ATM_05_University,University Campus,1500000,122200.0,41,2980.49,Fri,0,0,0,None
2020-05-16,ATM_01,ATM_01_TechPark,Commercial / Tech Park,2500000,147700.0,44,3356.82,Sat,1,0,0,None
2020-05-16,ATM_02,ATM_02_ShoppingMall,Shopping Mall & Entertainment,3000000,594700.0,231,2574.46,Sat,1,0,0,None
2020-05-16,ATM_03,ATM_03_Residential,Residential Suburb,2000000,207500.0,61,3401.64,Sat,1,0,0,None
2020-05-16,ATM_04,ATM_04_TransitHub,Airport / Transit Terminal,3500000,463800.0,193,2403.11,Sat,1,0,0,None
2020-05-16,ATM_05,ATM_05_University,University Campus,1500000,68800.0,27,2548.15,Sat,1,0,0,None
2020-05-17,ATM_01,ATM_01_TechPark,Commercial / Tech Park,2500000,109800.0,39,2815.38,Sun,1,0,0,None
2020-05-17,ATM_02,ATM_02_ShoppingMall,Shopping Mall & Entertainment,3000000,493600.0,217,2274.65,Sun,1,0,0,None
2020-05-17,ATM_03,ATM_03_Residential,Residential Suburb,2000000,205200.0,71,2890.14,Sun,1,0,0,None
2020-05-17,ATM_04,ATM_04_TransitHub,Airport / Transit Terminal,3500000,544300.0,202,2694.55,Sun,1,0,0,None
2020-05-17,ATM_05,ATM_05_University,University Campus,1500000,79300.0,35,2265.71,Sun,1,0,0,None
2020-05-18,ATM_01,ATM_01_TechPark,Commercial / Tech Park,2500000,382500.0,125,3060.0,Mon,0,0,0,None
2020-05-18,ATM_02,ATM_02_ShoppingMall,Shopping Mall & Entertainment,3000000,222700.0,68,3275.0,Mon,0,0,0,None
2020-05-18,ATM_03,ATM_03_Residential,Residential Suburb,2000000,199900.0,60,3331.67,Mon,0,0,0,None
2020-05-18,ATM_04,ATM_04_TransitHub,Airport / Transit Terminal,3500000,527300.0,169,3120.12,Mon,0,0,0,None
2020-05-18,ATM_05,ATM_05_University,University Campus,1500000,154300.0,55,2805.45,Mon,0,0,0,None
2020-05-19,ATM_01,ATM_01_TechPark,Commercial / Tech Park,2500000,352100.0,159,2214.47,Tue,0,0,0,None
2020-05-19,ATM_02,ATM_02_ShoppingMall,Shopping Mall & Entertainment,3000000,275800.0,83,3322.89,Tue,0,0,0,None
2020-05-19,ATM_03,ATM_03_Residential,Residential Suburb,2000000,179100.0,61,2936.07,Tue,0,0,0,None
2020-05-19,ATM_04,ATM_04_TransitHub,Airport / Transit Terminal,3500000,436500.0,186,2346.77,Tue,0,0,0,None
2020-05-19,ATM_05,ATM_05_University,University Campus,1500000,120500.0,46,2619.57,Tue,0,0,0,None
2020-05-20,ATM_01,ATM_01_TechPark,Commercial / Tech Park,2500000,304300.0,110,2766.36,Wed,0,0,0,None
2020-05-20,ATM_02,ATM_02_ShoppingMall,Shopping Mall & Entertainment,3000000,282600.0,87,3248.28,Wed,0,0,0,None
2020-05-20,ATM_03,ATM_03_Residential,Residential Suburb,2000000,170400.0,50,3408.0,Wed,0,0,0,None
2020-05-20,ATM_04,ATM_04_TransitHub,Airport / Transit Terminal,3500000,443700.0,149,2977.85,Wed,0,0,0,None
2020-05-20,ATM_05,ATM_05_University,University Campus,1500000,143100.0,56,2555.36,Wed,0,0,0,None
2020-05-21,ATM_01,ATM_01_TechPark,Commercial / Tech Park,2500000,324500.0,135,2403.7,Thu,0,0,0,None
2020-05-21,ATM_02,ATM_02_ShoppingMall,Shopping Mall & Entertainment,3000000,268500.0,106,2533.02,Thu,0,0,0,None
2020-05-21,ATM_03,ATM_03_Residential,Residential Suburb,2000000,187300.0,68,2754.41,Thu,0,0,0,None
2020-05-21,ATM_04,ATM_04_TransitHub,Airport / Transit Terminal,3500000,456000.0,131,3480.92,Thu,0,0,0,None
2020-05-21,ATM_05,ATM_05_University,University Campus,1500000,130900.0,57,2296.49,Thu,0,0,0,None
2020-05-22,ATM_01,ATM_01_TechPark,Commercial / Tech Park,2500000,330900.0,94,3520.21,Fri,0,0,0,None
2020-05-22,ATM_02,ATM_02_ShoppingMall,Shopping Mall & Entertainment,3000000,411600.0,140,2940.0,Fri,0,0,0,None
2020-05-22,ATM_03,ATM_03_Residential,Residential Suburb,2000000,183600.0,60,3060.0,Fri,0,0,0,None
2020-05-22,ATM_04,ATM_04_TransitHub,Airport / Transit Terminal,3500000,581000.0,167,3479.04,Fri,0,0,0,None
2020-05-22,ATM_05,ATM_05_University,University Campus,1500000,147500.0,45,3277.78,Fri,0,0,0,None
2020-05-23,ATM_01,ATM_01_TechPark,Commercial / Tech Park,2500000,133400.0,50,2668.0,Sat,1,0,0,None
2020-05-23,ATM_02,ATM_02_ShoppingMall,Shopping Mall & Entertainment,3000000,524700.0,163,3219.02,Sat,1,0,0,None
2020-05-23,ATM_03,ATM_03_Residential,Residential Suburb,2000000,189300.0,59,3208.47,Sat,1,0,0,None
2020-05-23,ATM_04,ATM_04_TransitHub,Airport / Transit Terminal,3500000,503600.0,173,2910.98,Sat,1,0,0,None
2020-05-23,ATM_05,ATM_05_University,University Campus,1500000,88100.0,27,3262.96,Sat,1,0,0,None
2020-05-24,ATM_01,ATM_01_TechPark,Commercial / Tech Park,2500000,108700.0,38,2860.53,Sun,1,0,0,None
2020-05-24,ATM_02,ATM_02_ShoppingMall,Shopping Mall & Entertainment,3000000,578000.0,186,3107.53,Sun,1,0,0,None
2020-05-24,ATM_03,ATM_03_Residential,Residential Suburb,2000000,187900.0,82,2291.46,Sun,1,0,0,None
2020-05-24,ATM_04,ATM_04_TransitHub,Airport / Transit Terminal,3500000,441200.0,137,3220.44,Sun,1,0,0,None
2020-05-24,ATM_05,ATM_05_University,University Campus,1500000,57000.0,25,2280.0,Sun,1,0,0,None
2020-05-25,ATM_01,ATM_01_TechPark,Commercial / Tech Park,2500000,136700.0,55,2485.45,Mon,0,0,1,Eid-ul-Fitr
2020-05-25,ATM_02,ATM_02_ShoppingMall,Shopping Mall & Entertainment,3000000,533800.0,185,2885.41,Mon,0,0,1,Eid-ul-Fitr
2020-05-25,ATM_03,ATM_03_Residential,Residential Suburb,2000000,220800.0,63,3504.76,Mon,0,0,1,Eid-ul-Fitr
2020-05-25,ATM_04,ATM_04_TransitHub,Airport / Transit Terminal,3500000,648300.0,203,3193.6,Mon,0,0,1,Eid-ul-Fitr
2020-05-25,ATM_05,ATM_05_University,University Campus,1500000,41700.0,17,2452.94,Mon,0,0,1,Eid-ul-Fitr
2020-05-26,ATM_01,ATM_01_TechPark,Commercial / Tech Park,2500000,293400.0,88,3334.09,Tue,0,0,0,None
2020-05-26,ATM_02,ATM_02_ShoppingMall,Shopping Mall & Entertainment,3000000,293500.0,111,2644.14,Tue,0,0,0,None
2020-05-26,ATM_03,ATM_03_Residential,Residential Suburb,2000000,182400.0,54,3377.78,Tue,0,0,0,None
2020-05-26,ATM_04,ATM_04_TransitHub,Airport / Transit Terminal,3500000,482000.0,152,3171.05,Tue,0,0,0,None
2020-05-26,ATM_05,ATM_05_University,University Campus,1500000,144800.0,41,3531.71,Tue,0,0,0,None
2020-05-27,ATM_01,ATM_01_TechPark,Commercial / Tech Park,2500000,291800.0,102,2860.78,Wed,0,0,0,None
2020-05-27,ATM_02,ATM_02_ShoppingMall,Shopping Mall & Entertainment,3000000,212100.0,73,2905.48,Wed,0,0,0,None
2020-05-27,ATM_03,ATM_03_Residential,Residential Suburb,2000000,175600.0,54,3251.85,Wed,0,0,0,None
2020-05-27,ATM_04,ATM_04_TransitHub,Airport / Transit Terminal,3500000,433900.0,145,2992.41,Wed,0,0,0,None
2020-05-27,ATM_05,ATM_05_University,University Campus,1500000,124500.0,38,3276.32,Wed,0,0,0,None
2020-05-28,ATM_01,ATM_01_TechPark,Commercial / Tech Park,2500000,299600.0,130,2304.62,Thu,0,0,0,None
2020-05-28,ATM_02,ATM_02_ShoppingMall,Shopping Mall & Entertainment,3000000,299100.0,97,3083.51,Thu,0,0,0,None
2020-05-28,ATM_03,ATM_03_Residential,Residential Suburb,2000000,175700.0,63,2788.89,Thu,0,0,0,None
2020-05-28,ATM_04,ATM_04_TransitHub,Airport / Transit Terminal,3500000,539700.0,174,3101.72,Thu,0,0,0,None
2020-05-28,ATM_05,ATM_05_University,University Campus,1500000,133200.0,39,3415.38,Thu,0,0,0,None
2020-05-29,ATM_01,ATM_01_TechPark,Commercial / Tech Park,2500000,372100.0,139,2676.98,Fri,0,0,0,None
2020-05-29,ATM_02,ATM_02_ShoppingMall,Shopping Mall & Entertainment,3000000,453400.0,130,3487.69,Fri,0,0,0,None
2020-05-29,ATM_03,ATM_03_Residential,Residential Suburb,2000000,193600.0,56,3457.14,Fri,0,0,0,None
2020-05-29,ATM_04,ATM_04_TransitHub,Airport / Transit Terminal,3500000,616500.0,230,2680.43,Fri,0,0,0,None
2020-05-29,ATM_05,ATM_05_University,University Campus,1500000,156200.0,48,3254.17,Fri,0,0,0,None
2020-05-30,ATM_01,ATM_01_TechPark,Commercial / Tech Park,2500000,120300.0,50,2406.0,Sat,1,0,0,None
2020-05-30,ATM_02,ATM_02_ShoppingMall,Shopping Mall & Entertainment,3000000,413800.0,138,2998.55,Sat,1,0,0,None
2020-05-30,ATM_03,ATM_03_Residential,Residential Suburb,2000000,207300.0,90,2303.33,Sat,1,0,0,None
2020-05-30,ATM_04,ATM_04_TransitHub,Airport / Transit Terminal,3500000,496700.0,154,3225.32,Sat,1,0,0,None
2020-05-30,ATM_05,ATM_05_University,University Campus,1500000,81000.0,27,3000.0,Sat,1,0,0,None
2020-05-31,ATM_01,ATM_01_TechPark,Commercial / Tech Park,2500000,108200.0,36,3005.56,Sun,1,0,0,None
2020-05-31,ATM_02,ATM_02_ShoppingMall,Shopping Mall & Entertainment,3000000,447900.0,166,2698.19,Sun,1,0,0,None
2020-05-31,ATM_03,ATM_03_Residential,Residential Suburb,2000000,176200.0,55,3203.64,Sun,1,0,0,None
2020-05-31,ATM_04,ATM_04_TransitHub,Airport / Transit Terminal,3500000,456800.0,168,2719.05,Sun,1,0,0,None
2020-05-31,ATM_05,ATM_05_University,University Campus,1500000,58500.0,19,3078.95,Sun,1,0,0,None
2020-06-01,ATM_01,ATM_01_TechPark,Commercial / Tech Park,2500000,573600.0,181,3169.06,Mon,0,1,0,None
2020-06-01,ATM_02,ATM_02_ShoppingMall,Shopping Mall & Entertainment,3000000,297400.0,104,2859.62,Mon,0,1,0,None
2020-06-01,ATM_03,ATM_03_Residential,Residential Suburb,2000000,240200.0,94,2555.32,Mon,0,1,0,None
2020-06-01,ATM_04,ATM_04_TransitHub,Airport / Transit Terminal,3500000,605600.0,238,2544.54,Mon,0,1,0,None
2020-06-01,ATM_05,ATM_05_University,University Campus,1500000,138200.0,53,2607.55,Mon,0,1,0,None
2020-06-02,ATM_01,ATM_01_TechPark,Commercial / Tech Park,2500000,597300.0,176,3393.75,Tue,0,1,0,None
2020-06-02,ATM_02,ATM_02_ShoppingMall,Shopping Mall & Entertainment,3000000,287000.0,86,3337.21,Tue,0,1,0,None
2020-06-02,ATM_03,ATM_03_Residential,Residential Suburb,2000000,231200.0,82,2819.51,Tue,0,1,0,None
2020-06-02,ATM_04,ATM_04_TransitHub,Airport / Transit Terminal,3500000,552600.0,238,2321.85,Tue,0,1,0,None
2020-06-02,ATM_05,ATM_05_University,University Campus,1500000,174100.0,56,3108.93,Tue,0,1,0,None
2020-06-03,ATM_01,ATM_01_TechPark,Commercial / Tech Park,2500000,544500.0,205,2656.1,Wed,0,1,0,None
2020-06-03,ATM_02,ATM_02_ShoppingMall,Shopping Mall & Entertainment,3000000,298000.0,130,2292.31,Wed,0,1,0,None
2020-06-03,ATM_03,ATM_03_Residential,Residential Suburb,2000000,202700.0,61,3322.95,Wed,0,1,0,None
2020-06-03,ATM_04,ATM_04_TransitHub,Airport / Transit Terminal,3500000,457800.0,146,3135.62,Wed,0,1,0,None
2020-06-03,ATM_05,ATM_05_University,University Campus,1500000,196700.0,60,3278.33,Wed,0,1,0,None
2020-06-04,ATM_01,ATM_01_TechPark,Commercial / Tech Park,2500000,521000.0,182,2862.64,Thu,0,1,0,None
2020-06-04,ATM_02,ATM_02_ShoppingMall,Shopping Mall & Entertainment,3000000,376500.0,158,2382.91,Thu,0,1,0,None
2020-06-04,ATM_03,ATM_03_Residential,Residential Suburb,2000000,244800.0,75,3264.0,Thu,0,1,0,None
2020-06-04,ATM_04,ATM_04_TransitHub,Airport / Transit Terminal,3500000,604300.0,225,2685.78,Thu,0,1,0,None
2020-06-04,ATM_05,ATM_05_University,University Campus,1500000,188300.0,58,3246.55,Thu,0,1,0,None
2020-06-05,ATM_01,ATM_01_TechPark,Commercial / Tech Park,2500000,558400.0,241,2317.01,Fri,0,1,0,None
2020-06-05,ATM_02,ATM_02_ShoppingMall,Shopping Mall & Entertainment,3000000,469800.0,180,2610.0,Fri,0,1,0,None
2020-06-05,ATM_03,ATM_03_Residential,Residential Suburb,2000000,279500.0,96,2911.46,Fri,0,1,0,None
2020-06-05,ATM_04,ATM_04_TransitHub,Airport / Transit Terminal,3500000,600000.0,187,3208.56,Fri,0,1,0,None
2020-06-05,ATM_05,ATM_05_University,University Campus,1500000,204800.0,59,3471.19,Fri,0,1,0,None
2020-06-06,ATM_01,ATM_01_TechPark,Commercial / Tech Park,2500000,124700.0,41,3041.46,Sat,1,0,0,None
2020-06-06,ATM_02,ATM_02_ShoppingMall,Shopping Mall & Entertainment,3000000,445100.0,168,2649.4,Sat,1,0,0,None
2020-06-06,ATM_03,ATM_03_Residential,Residential Suburb,2000000,207200.0,62,3341.94,Sat,1,0,0,None
2020-06-06,ATM_04,ATM_04_TransitHub,Airport / Transit Terminal,3500000,516500.0,211,2447.87,Sat,1,0,0,None
2020-06-06,ATM_05,ATM_05_University,University Campus,1500000,73400.0,21,3495.24,Sat,1,0,0,None
2020-06-07,ATM_01,ATM_01_TechPark,Commercial / Tech Park,2500000,83800.0,36,2327.78,Sun,1,0,0,None
2020-06-07,ATM_02,ATM_02_ShoppingMall,Shopping Mall & Entertainment,3000000,532300.0,225,2365.78,Sun,1,0,0,None
2020-06-07,ATM_03,ATM_03_Residential,Residential Suburb,2000000,202100.0,77,2624.68,Sun,1,0,0,None
2020-06-07,ATM_04,ATM_04_TransitHub,Airport / Transit Terminal,3500000,543600.0,174,3124.14,Sun,1,0,0,None
2020-06-07,ATM_05,ATM_05_University,University Campus,1500000,52700.0,15,3513.33,Sun,1,0,0,None
2020-06-08,ATM_01,ATM_01_TechPark,Commercial / Tech Park,2500000,379100.0,114,3325.44,Mon,0,0,0,None
2020-06-08,ATM_02,ATM_02_ShoppingMall,Shopping Mall & Entertainment,3000000,236100.0,80,2951.25,Mon,0,0,0,None
2020-06-08,ATM_03,ATM_03_Residential,Residential Suburb,2000000,205100.0,86,2384.88,Mon,0,0,0,None
2020-06-08,ATM_04,ATM_04_TransitHub,Airport / Transit Terminal,3500000,455400.0,159,2864.15,Mon,0,0,0,None
2020-06-08,ATM_05,ATM_05_University,University Campus,1500000,152500.0,63,2420.63,Mon,0,0,0,None
2020-06-09,ATM_01,ATM_01_TechPark,Commercial / Tech Park,2500000,327000.0,106,3084.91,Tue,0,0,0,None
2020-06-09,ATM_02,ATM_02_ShoppingMall,Shopping Mall & Entertainment,3000000,246800.0,78,3164.1,Tue,0,0,0,None
2020-06-09,ATM_03,ATM_03_Residential,Residential Suburb,2000000,155400.0,52,2988.46,Tue,0,0,0,None
2020-06-09,ATM_04,ATM_04_TransitHub,Airport / Transit Terminal,3500000,373400.0,114,3275.44,Tue,0,0,0,None
2020-06-09,ATM_05,ATM_05_University,University Campus,1500000,135600.0,44,3081.82,Tue,0,0,0,None
2020-06-10,ATM_01,ATM_01_TechPark,Commercial / Tech Park,2500000,300500.0,101,2975.25,Wed,0,0,0,None
2020-06-10,ATM_02,ATM_02_ShoppingMall,Shopping Mall & Entertainment,3000000,241200.0,87,2772.41,Wed,0,0,0,None
2020-06-10,ATM_03,ATM_03_Residential,Residential Suburb,2000000,156800.0,51,3074.51,Wed,0,0,0,None
2020-06-10,ATM_04,ATM_04_TransitHub,Airport / Transit Terminal,3500000,354400.0,137,2586.86,Wed,0,0,0,None
2020-06-10,ATM_05,ATM_05_University,University Campus,1500000,126200.0,36,3505.56,Wed,0,0,0,None
2020-06-11,ATM_01,ATM_01_TechPark,Commercial / Tech Park,2500000,268400.0,86,3120.93,Thu,0,0,0,None
2020-06-11,ATM_02,ATM_02_ShoppingMall,Shopping Mall & Entertainment,3000000,305000.0,117,2606.84,Thu,0,0,0,None
2020-06-11,ATM_03,ATM_03_Residential,Residential Suburb,2000000,179700.0,64,2807.81,Thu,0,0,0,None
2020-06-11,ATM_04,ATM_04_TransitHub,Airport / Transit Terminal,3500000,465300.0,164,2837.2,Thu,0,0,0,None
2020-06-11,ATM_05,ATM_05_University,University Campus,1500000,136600.0,52,2626.92,Thu,0,0,0,None
2020-06-12,ATM_01,ATM_01_TechPark,Commercial / Tech Park,2500000,393600.0,125,3148.8,Fri,0,0,0,None
2020-06-12,ATM_02,ATM_02_ShoppingMall,Shopping Mall & Entertainment,3000000,401400.0,115,3490.43,Fri,0,0,0,None
2020-06-12,ATM_03,ATM_03_Residential,Residential Suburb,2000000,166600.0,70,2380.0,Fri,0,0,0,None
2020-06-12,ATM_04,ATM_04_TransitHub,Airport / Transit Terminal,3500000,466700.0,178,2621.91,Fri,0,0,0,None
2020-06-12,ATM_05,ATM_05_University,University Campus,1500000,156100.0,55,2838.18,Fri,0,0,0,None
2020-06-13,ATM_01,ATM_01_TechPark,Commercial / Tech Park,2500000,127400.0,54,2359.26,Sat,1,0,0,None
2020-06-13,ATM_02,ATM_02_ShoppingMall,Shopping Mall & Entertainment,3000000,558700.0,216,2586.57,Sat,1,0,0,None
2020-06-13,ATM_03,ATM_03_Residential,Residential Suburb,2000000,189100.0,74,2555.41,Sat,1,0,0,None
2020-06-13,ATM_04,ATM_04_TransitHub,Airport / Transit Terminal,3500000,555500.0,167,3326.35,Sat,1,0,0,None
2020-06-13,ATM_05,ATM_05_University,University Campus,1500000,87600.0,29,3020.69,Sat,1,0,0,None
2020-06-14,ATM_01,ATM_01_TechPark,Commercial / Tech Park,2500000,105700.0,40,2642.5,Sun,1,0,0,None
2020-06-14,ATM_02,ATM_02_ShoppingMall,Shopping Mall & Entertainment,3000000,493000.0,171,2883.04,Sun,1,0,0,None
2020-06-14,ATM_03,ATM_03_Residential,Residential Suburb,2000000,184100.0,64,2876.56,Sun,1,0,0,None
2020-06-14,ATM_04,ATM_04_TransitHub,Airport / Transit Terminal,3500000,508500.0,148,3435.81,Sun,1,0,0,None
2020-06-14,ATM_05,ATM_05_University,University Campus,1500000,61100.0,21,2909.52,Sun,1,0,0,None
2020-06-15,ATM_01,ATM_01_TechPark,Commercial / Tech Park,2500000,345600.0,129,2679.07,Mon,0,0,0,None
2020-06-15,ATM_02,ATM_02_ShoppingMall,Shopping Mall & Entertainment,3000000,232800.0,102,2282.35,Mon,0,0,0,None
2020-06-15,ATM_03,ATM_03_Residential,Residential Suburb,2000000,165600.0,54,3066.67,Mon,0,0,0,None
2020-06-15,ATM_04,ATM_04_TransitHub,Airport / Transit Terminal,3500000,482300.0,171,2820.47,Mon,0,0,0,None
2020-06-15,ATM_05,ATM_05_University,University Campus,1500000,114600.0,41,2795.12,Mon,0,0,0,None
2020-06-16,ATM_01,ATM_01_TechPark,Commercial / Tech Park,2500000,302400.0,90,3360.0,Tue,0,0,0,None
2020-06-16,ATM_02,ATM_02_ShoppingMall,Shopping Mall & Entertainment,3000000,246000.0,91,2703.3,Tue,0,0,0,None
2020-06-16,ATM_03,ATM_03_Residential,Residential Suburb,2000000,153700.0,56,2744.64,Tue,0,0,0,None
2020-06-16,ATM_04,ATM_04_TransitHub,Airport / Transit Terminal,3500000,403900.0,138,2926.81,Tue,0,0,0,None
2020-06-16,ATM_05,ATM_05_University,University Campus,1500000,128700.0,56,2298.21,Tue,0,0,0,None
2020-06-17,ATM_01,ATM_01_TechPark,Commercial / Tech Park,2500000,258600.0,100,2586.0,Wed,0,0,0,None
2020-06-17,ATM_02,ATM_02_ShoppingMall,Shopping Mall & Entertainment,3000000,266500.0,76,3506.58,Wed,0,0,0,None
2020-06-17,ATM_03,ATM_03_Residential,Residential Suburb,2000000,168800.0,48,3516.67,Wed,0,0,0,None
2020-06-17,ATM_04,ATM_04_TransitHub,Airport / Transit Terminal,3500000,403000.0,148,2722.97,Wed,0,0,0,None
2020-06-17,ATM_05,ATM_05_University,University Campus,1500000,128900.0,37,3483.78,Wed,0,0,0,None
2020-06-18,ATM_01,ATM_01_TechPark,Commercial / Tech Park,2500000,291600.0,91,3204.4,Thu,0,0,0,None
2020-06-18,ATM_02,ATM_02_ShoppingMall,Shopping Mall & Entertainment,3000000,310500.0,108,2875.0,Thu,0,0,0,None
2020-06-18,ATM_03,ATM_03_Residential,Residential Suburb,2000000,188400.0,83,2269.88,Thu,0,0,0,None
2020-06-18,ATM_04,ATM_04_TransitHub,Airport / Transit Terminal,3500000,488900.0,173,2826.01,Thu,0,0,0,None
2020-06-18,ATM_05,ATM_05_University,University Campus,1500000,140100.0,50,2802.0,Thu,0,0,0,None
2020-06-19,ATM_01,ATM_01_TechPark,Commercial / Tech Park,2500000,329300.0,125,2634.4,Fri,0,0,0,None
2020-06-19,ATM_02,ATM_02_ShoppingMall,Shopping Mall & Entertainment,3000000,379000.0,126,3007.94,Fri,0,0,0,None
2020-06-19,ATM_03,ATM_03_Residential,Residential Suburb,2000000,207100.0,65,3186.15,Fri,0,0,0,None
2020-06-19,ATM_04,ATM_04_TransitHub,Airport / Transit Terminal,3500000,685200.0,264,2595.45,Fri,0,0,0,None
2020-06-19,ATM_05,ATM_05_University,University Campus,1500000,131400.0,45,2920.0,Fri,0,0,0,None
2020-06-20,ATM_01,ATM_01_TechPark,Commercial / Tech Park,2500000,144700.0,46,3145.65,Sat,1,0,0,None
2020-06-20,ATM_02,ATM_02_ShoppingMall,Shopping Mall & Entertainment,3000000,490300.0,183,2679.23,Sat,1,0,0,None
2020-06-20,ATM_03,ATM_03_Residential,Residential Suburb,2000000,222800.0,72,3094.44,Sat,1,0,0,None
2020-06-20,ATM_04,ATM_04_TransitHub,Airport / Transit Terminal,3500000,579100.0,178,3253.37,Sat,1,0,0,None
2020-06-20,ATM_05,ATM_05_University,University Campus,1500000,82700.0,26,3180.77,Sat,1,0,0,None
2020-06-21,ATM_01,ATM_01_TechPark,Commercial / Tech Park,2500000,99000.0,35,2828.57,Sun,1,0,0,None
2020-06-21,ATM_02,ATM_02_ShoppingMall,Shopping Mall & Entertainment,3000000,477800.0,138,3462.32,Sun,1,0,0,None
2020-06-21,ATM_03,ATM_03_Residential,Residential Suburb,2000000,202200.0,68,2973.53,Sun,1,0,0,None
2020-06-21,ATM_04,ATM_04_TransitHub,Airport / Transit Terminal,3500000,409000.0,130,3146.15,Sun,1,0,0,None
2020-06-21,ATM_05,ATM_05_University,University Campus,1500000,57100.0,18,3172.22,Sun,1,0,0,None
2020-06-22,ATM_01,ATM_01_TechPark,Commercial / Tech Park,2500000,319700.0,106,3016.04,Mon,0,0,0,None
2020-06-22,ATM_02,ATM_02_ShoppingMall,Shopping Mall & Entertainment,3000000,243500.0,78,3121.79,Mon,0,0,0,None
2020-06-22,ATM_03,ATM_03_Residential,Residential Suburb,2000000,183600.0,81,2266.67,Mon,0,0,0,None
2020-06-22,ATM_04,ATM_04_TransitHub,Airport / Transit Terminal,3500000,504800.0,226,2233.63,Mon,0,0,0,None
2020-06-22,ATM_05,ATM_05_University,University Campus,1500000,136100.0,52,2617.31,Mon,0,0,0,None
2020-06-23,ATM_01,ATM_01_TechPark,Commercial / Tech Park,2500000,335800.0,122,2752.46,Tue,0,0,0,None
2020-06-23,ATM_02,ATM_02_ShoppingMall,Shopping Mall & Entertainment,3000000,283400.0,88,3220.45,Tue,0,0,0,None
2020-06-23,ATM_03,ATM_03_Residential,Residential Suburb,2000000,189300.0,59,3208.47,Tue,0,0,0,None
2020-06-23,ATM_04,ATM_04_TransitHub,Airport / Transit Terminal,3500000,384200.0,168,2286.9,Tue,0,0,0,None
2020-06-23,ATM_05,ATM_05_University,University Campus,1500000,137200.0,52,2638.46,Tue,0,0,0,None
2020-06-24,ATM_01,ATM_01_TechPark,Commercial / Tech Park,2500000,311700.0,101,3086.14,Wed,0,0,0,None
2020-06-24,ATM_02,ATM_02_ShoppingMall,Shopping Mall & Entertainment,3000000,244800.0,100,2448.0,Wed,0,0,0,None
2020-06-24,ATM_03,ATM_03_Residential,Residential Suburb,2000000,169600.0,50,3392.0,Wed,0,0,0,None
2020-06-24,ATM_04,ATM_04_TransitHub,Airport / Transit Terminal,3500000,400100.0,124,3226.61,Wed,0,0,0,None
2020-06-24,ATM_05,ATM_05_University,University Campus,1500000,134900.0,43,3137.21,Wed,0,0,0,None
2020-06-25,ATM_01,ATM_01_TechPark,Commercial / Tech Park,2500000,289500.0,96,3015.62,Thu,0,0,0,None
2020-06-25,ATM_02,ATM_02_ShoppingMall,Shopping Mall & Entertainment,3000000,263200.0,107,2459.81,Thu,0,0,0,None
2020-06-25,ATM_03,ATM_03_Residential,Residential Suburb,2000000,176700.0,70,2524.29,Thu,0,0,0,None
2020-06-25,ATM_04,ATM_04_TransitHub,Airport / Transit Terminal,3500000,526800.0,152,3465.79,Thu,0,0,0,None
2020-06-25,ATM_05,ATM_05_University,University Campus,1500000,129100.0,52,2482.69,Thu,0,0,0,None
2020-06-26,ATM_01,ATM_01_TechPark,Commercial / Tech Park,2500000,378700.0,121,3129.75,Fri,0,0,0,None
2020-06-26,ATM_02,ATM_02_ShoppingMall,Shopping Mall & Entertainment,3000000,394000.0,115,3426.09,Fri,0,0,0,None
2020-06-26,ATM_03,ATM_03_Residential,Residential Suburb,2000000,198600.0,61,3255.74,Fri,0,0,0,None
2020-06-26,ATM_04,ATM_04_TransitHub,Airport / Transit Terminal,3500000,517300.0,167,3097.6,Fri,0,0,0,None
2020-06-26,ATM_05,ATM_05_University,University Campus,1500000,150500.0,55,2736.36,Fri,0,0,0,None
2020-06-27,ATM_01,ATM_01_TechPark,Commercial / Tech Park,2500000,147100.0,42,3502.38,Sat,1,0,0,None
2020-06-27,ATM_02,ATM_02_ShoppingMall,Shopping Mall & Entertainment,3000000,507800.0,156,3255.13,Sat,1,0,0,None
2020-06-27,ATM_03,ATM_03_Residential,Residential Suburb,2000000,199100.0,63,3160.32,Sat,1,0,0,None
2020-06-27,ATM_04,ATM_04_TransitHub,Airport / Transit Terminal,3500000,548100.0,206,2660.68,Sat,1,0,0,None
2020-06-27,ATM_05,ATM_05_University,University Campus,1500000,78600.0,27,2911.11,Sat,1,0,0,None
2020-06-28,ATM_01,ATM_01_TechPark,Commercial / Tech Park,2500000,101900.0,41,2485.37,Sun,1,0,0,None
2020-06-28,ATM_02,ATM_02_ShoppingMall,Shopping Mall & Entertainment,3000000,378000.0,121,3123.97,Sun,1,0,0,None
2020-06-28,ATM_03,ATM_03_Residential,Residential Suburb,2000000,191400.0,80,2392.5,Sun,1,0,0,None
2020-06-28,ATM_04,ATM_04_TransitHub,Airport / Transit Terminal,3500000,452100.0,179,2525.7,Sun,1,0,0,None
2020-06-28,ATM_05,ATM_05_University,University Campus,1500000,55200.0,17,3247.06,Sun,1,0,0,None
2020-06-29,ATM_01,ATM_01_TechPark,Commercial / Tech Park,2500000,291100.0,128,2274.22,Mon,0,0,0,None
2020-06-29,ATM_02,ATM_02_ShoppingMall,Shopping Mall & Entertainment,3000000,229700.0,83,2767.47,Mon,0,0,0,None
2020-06-29,ATM_03,ATM_03_Residential,Residential Suburb,2000000,187900.0,58,3239.66,Mon,0,0,0,None
2020-06-29,ATM_04,ATM_04_TransitHub,Airport / Transit Terminal,3500000,452600.0,205,2207.8,Mon,0,0,0,None
2020-06-29,ATM_05,ATM_05_University,University Campus,1500000,110800.0,40,2770.0,Mon,0,0,0,None
2020-06-30,ATM_01,ATM_01_TechPark,Commercial / Tech Park,2500000,295500.0,86,3436.05,Tue,0,0,0,None
2020-06-30,ATM_02,ATM_02_ShoppingMall,Shopping Mall & Entertainment,3000000,272700.0,110,2479.09,Tue,0,0,0,None
2020-06-30,ATM_03,ATM_03_Residential,Residential Suburb,2000000,162900.0,47,3465.96,Tue,0,0,0,None
2020-06-30,ATM_04,ATM_04_TransitHub,Airport / Transit Terminal,3500000,402500.0,119,3382.35,Tue,0,0,0,None
2020-06-30,ATM_05,ATM_05_University,University Campus,1500000,147400.0,63,2339.68,Tue,0,0,0,None
2020-07-01,ATM_01,ATM_01_TechPark,Commercial / Tech Park,2500000,589400.0,187,3151.87,Wed,0,1,0,None
2020-07-01,ATM_02,ATM_02_ShoppingMall,Shopping Mall & Entertainment,3000000,374600.0,109,3436.7,Wed,0,1,0,None
2020-07-01,ATM_03,ATM_03_Residential,Residential Suburb,2000000,294100.0,87,3380.46,Wed,0,1,0,None
2020-07-01,ATM_04,ATM_04_TransitHub,Airport / Transit Terminal,3500000,581900.0,239,2434.73,Wed,0,1,0,None
2020-07-01,ATM_05,ATM_05_University,University Campus,1500000,276600.0,101,2738.61,Wed,0,1,0,None
2020-07-02,ATM_01,ATM_01_TechPark,Commercial / Tech Park,2500000,587700.0,206,2852.91,Thu,0,1,0,None
2020-07-02,ATM_02,ATM_02_ShoppingMall,Shopping Mall & Entertainment,3000000,548100.0,161,3404.35,Thu,0,1,0,None
2020-07-02,ATM_03,ATM_03_Residential,Residential Suburb,2000000,276600.0,82,3373.17,Thu,0,1,0,None
2020-07-02,ATM_04,ATM_04_TransitHub,Airport / Transit Terminal,3500000,749400.0,320,2341.88,Thu,0,1,0,None
2020-07-02,ATM_05,ATM_05_University,University Campus,1500000,229800.0,66,3481.82,Thu,0,1,0,None
2020-07-03,ATM_01,ATM_01_TechPark,Commercial / Tech Park,2500000,730300.0,251,2909.56,Fri,0,1,0,None
2020-07-03,ATM_02,ATM_02_ShoppingMall,Shopping Mall & Entertainment,3000000,785300.0,276,2845.29,Fri,0,1,0,None
2020-07-03,ATM_03,ATM_03_Residential,Residential Suburb,2000000,349400.0,124,2817.74,Fri,0,1,0,None
2020-07-03,ATM_04,ATM_04_TransitHub,Airport / Transit Terminal,3500000,676200.0,275,2458.91,Fri,0,1,0,None
2020-07-03,ATM_05,ATM_05_University,University Campus,1500000,259200.0,92,2817.39,Fri,0,1,0,None
2020-07-04,ATM_01,ATM_01_TechPark,Commercial / Tech Park,2500000,285900.0,112,2552.68,Sat,1,1,0,None
2020-07-04,ATM_02,ATM_02_ShoppingMall,Shopping Mall & Entertainment,3000000,819800.0,253,3240.32,Sat,1,1,0,None
2020-07-04,ATM_03,ATM_03_Residential,Residential Suburb,2000000,366700.0,124,2957.26,Sat,1,1,0,None
2020-07-04,ATM_04,ATM_04_TransitHub,Airport / Transit Terminal,3500000,713300.0,215,3317.67,Sat,1,1,0,None
2020-07-04,ATM_05,ATM_05_University,University Campus,1500000,137200.0,40,3430.0,Sat,1,1,0,None
2020-07-05,ATM_01,ATM_01_TechPark,Commercial / Tech Park,2500000,225400.0,97,2323.71,Sun,1,1,0,None
2020-07-05,ATM_02,ATM_02_ShoppingMall,Shopping Mall & Entertainment,3000000,647100.0,210,3081.43,Sun,1,1,0,None
2020-07-05,ATM_03,ATM_03_Residential,Residential Suburb,2000000,334700.0,127,2635.43,Sun,1,1,0,None
2020-07-05,ATM_04,ATM_04_TransitHub,Airport / Transit Terminal,3500000,773900.0,306,2529.08,Sun,1,1,0,None
2020-07-05,ATM_05,ATM_05_University,University Campus,1500000,103400.0,32,3231.25,Sun,1,1,0,None
2020-07-06,ATM_01,ATM_01_TechPark,Commercial / Tech Park,2500000,428900.0,124,3458.87,Mon,0,0,0,None
2020-07-06,ATM_02,ATM_02_ShoppingMall,Shopping Mall & Entertainment,3000000,277100.0,125,2216.8,Mon,0,0,0,None
2020-07-06,ATM_03,ATM_03_Residential,Residential Suburb,2000000,255000.0,83,3072.29,Mon,0,0,0,None
2020-07-06,ATM_04,ATM_04_TransitHub,Airport / Transit Terminal,3500000,582700.0,247,2359.11,Mon,0,0,0,None
2020-07-06,ATM_05,ATM_05_University,University Campus,1500000,165500.0,63,2626.98,Mon,0,0,0,None
2020-07-07,ATM_01,ATM_01_TechPark,Commercial / Tech Park,2500000,357400.0,106,3371.7,Tue,0,0,0,None
2020-07-07,ATM_02,ATM_02_ShoppingMall,Shopping Mall & Entertainment,3000000,332300.0,106,3134.91,Tue,0,0,0,None
2020-07-07,ATM_03,ATM_03_Residential,Residential Suburb,2000000,209100.0,61,3427.87,Tue,0,0,0,None
2020-07-07,ATM_04,ATM_04_TransitHub,Airport / Transit Terminal,3500000,567900.0,219,2593.15,Tue,0,0,0,None
2020-07-07,ATM_05,ATM_05_University,University Campus,1500000,155500.0,65,2392.31,Tue,0,0,0,None
2020-07-08,ATM_01,ATM_01_TechPark,Commercial / Tech Park,2500000,356500.0,148,2408.78,Wed,0,0,0,None
2020-07-08,ATM_02,ATM_02_ShoppingMall,Shopping Mall & Entertainment,3000000,330600.0,120,2755.0,Wed,0,0,0,None
2020-07-08,ATM_03,ATM_03_Residential,Residential Suburb,2000000,194200.0,66,2942.42,Wed,0,0,0,None
2020-07-08,ATM_04,ATM_04_TransitHub,Airport / Transit Terminal,3500000,450100.0,146,3082.88,Wed,0,0,0,None
2020-07-08,ATM_05,ATM_05_University,University Campus,1500000,159100.0,64,2485.94,Wed,0,0,0,None
2020-07-09,ATM_01,ATM_01_TechPark,Commercial / Tech Park,2500000,388800.0,116,3351.72,Thu,0,0,0,None
2020-07-09,ATM_02,ATM_02_ShoppingMall,Shopping Mall & Entertainment,3000000,432400.0,187,2312.3,Thu,0,0,0,None
2020-07-09,ATM_03,ATM_03_Residential,Residential Suburb,2000000,199000.0,86,2313.95,Thu,0,0,0,None
2020-07-09,ATM_04,ATM_04_TransitHub,Airport / Transit Terminal,3500000,600000.0,204,2941.18,Thu,0,0,0,None
2020-07-09,ATM_05,ATM_05_University,University Campus,1500000,180500.0,63,2865.08,Thu,0,0,0,None
2020-07-10,ATM_01,ATM_01_TechPark,Commercial / Tech Park,2500000,457800.0,155,2953.55,Fri,0,0,0,None
2020-07-10,ATM_02,ATM_02_ShoppingMall,Shopping Mall & Entertainment,3000000,533500.0,185,2883.78,Fri,0,0,0,None
2020-07-10,ATM_03,ATM_03_Residential,Residential Suburb,2000000,244100.0,103,2369.9,Fri,0,0,0,None
2020-07-10,ATM_04,ATM_04_TransitHub,Airport / Transit Terminal,3500000,674500.0,290,2325.86,Fri,0,0,0,None
2020-07-10,ATM_05,ATM_05_University,University Campus,1500000,198600.0,69,2878.26,Fri,0,0,0,None
2020-07-11,ATM_01,ATM_01_TechPark,Commercial / Tech Park,2500000,163800.0,57,2873.68,Sat,1,0,0,None
2020-07-11,ATM_02,ATM_02_ShoppingMall,Shopping Mall & Entertainment,3000000,577600.0,206,2803.88,Sat,1,0,0,None
2020-07-11,ATM_03,ATM_03_Residential,Residential Suburb,2000000,265200.0,81,3274.07,Sat,1,0,0,None
2020-07-11,ATM_04,ATM_04_TransitHub,Airport / Transit Terminal,3500000,648800.0,206,3149.51,Sat,1,0,0,None
2020-07-11,ATM_05,ATM_05_University,University Campus,1500000,90300.0,28,3225.0,Sat,1,0,0,None
2020-07-12,ATM_01,ATM_01_TechPark,Commercial / Tech Park,2500000,134600.0,45,2991.11,Sun,1,0,0,None
2020-07-12,ATM_02,ATM_02_ShoppingMall,Shopping Mall & Entertainment,3000000,658100.0,288,2285.07,Sun,1,0,0,None
2020-07-12,ATM_03,ATM_03_Residential,Residential Suburb,2000000,249000.0,71,3507.04,Sun,1,0,0,None
2020-07-12,ATM_04,ATM_04_TransitHub,Airport / Transit Terminal,3500000,662200.0,193,3431.09,Sun,1,0,0,None
2020-07-12,ATM_05,ATM_05_University,University Campus,1500000,73300.0,32,2290.62,Sun,1,0,0,None
2020-07-13,ATM_01,ATM_01_TechPark,Commercial / Tech Park,2500000,359300.0,112,3208.04,Mon,0,0,0,None
2020-07-13,ATM_02,ATM_02_ShoppingMall,Shopping Mall & Entertainment,3000000,319800.0,92,3476.09,Mon,0,0,0,None
2020-07-13,ATM_03,ATM_03_Residential,Residential Suburb,2000000,225200.0,64,3518.75,Mon,0,0,0,None
2020-07-13,ATM_04,ATM_04_TransitHub,Airport / Transit Terminal,3500000,533900.0,197,2710.15,Mon,0,0,0,None
2020-07-13,ATM_05,ATM_05_University,University Campus,1500000,193900.0,72,2693.06,Mon,0,0,0,None
2020-07-14,ATM_01,ATM_01_TechPark,Commercial / Tech Park,2500000,339000.0,109,3110.09,Tue,0,0,0,None
2020-07-14,ATM_02,ATM_02_ShoppingMall,Shopping Mall & Entertainment,3000000,291800.0,95,3071.58,Tue,0,0,0,None
2020-07-14,ATM_03,ATM_03_Residential,Residential Suburb,2000000,198500.0,74,2682.43,Tue,0,0,0,None
2020-07-14,ATM_04,ATM_04_TransitHub,Airport / Transit Terminal,3500000,574000.0,198,2898.99,Tue,0,0,0,None
2020-07-14,ATM_05,ATM_05_University,University Campus,1500000,180000.0,57,3157.89,Tue,0,0,0,None
2020-07-15,ATM_01,ATM_01_TechPark,Commercial / Tech Park,2500000,371400.0,166,2237.35,Wed,0,0,0,None
2020-07-15,ATM_02,ATM_02_ShoppingMall,Shopping Mall & Entertainment,3000000,334600.0,129,2593.8,Wed,0,0,0,None
2020-07-15,ATM_03,ATM_03_Residential,Residential Suburb,2000000,204600.0,70,2922.86,Wed,0,0,0,None
2020-07-15,ATM_04,ATM_04_TransitHub,Airport / Transit Terminal,3500000,457900.0,140,3270.71,Wed,0,0,0,None
2020-07-15,ATM_05,ATM_05_University,University Campus,1500000,156400.0,61,2563.93,Wed,0,0,0,None
2020-07-16,ATM_01,ATM_01_TechPark,Commercial / Tech Park,2500000,417400.0,122,3421.31,Thu,0,0,0,None
2020-07-16,ATM_02,ATM_02_ShoppingMall,Shopping Mall & Entertainment,3000000,368200.0,113,3258.41,Thu,0,0,0,None
2020-07-16,ATM_03,ATM_03_Residential,Residential Suburb,2000000,212400.0,77,2758.44,Thu,0,0,0,None
2020-07-16,ATM_04,ATM_04_TransitHub,Airport / Transit Terminal,3500000,580600.0,261,2224.52,Thu,0,0,0,None
2020-07-16,ATM_05,ATM_05_University,University Campus,1500000,133300.0,54,2468.52,Thu,0,0,0,None
2020-07-17,ATM_01,ATM_01_TechPark,Commercial / Tech Park,2500000,449300.0,150,2995.33,Fri,0,0,0,None
2020-07-17,ATM_02,ATM_02_ShoppingMall,Shopping Mall & Entertainment,3000000,515800.0,165,3126.06,Fri,0,0,0,None
2020-07-17,ATM_03,ATM_03_Residential,Residential Suburb,2000000,256500.0,94,2728.72,Fri,0,0,0,None
2020-07-17,ATM_04,ATM_04_TransitHub,Airport / Transit Terminal,3500000,685900.0,273,2512.45,Fri,0,0,0,None
2020-07-17,ATM_05,ATM_05_University,University Campus,1500000,185200.0,81,2286.42,Fri,0,0,0,None
2020-07-18,ATM_01,ATM_01_TechPark,Commercial / Tech Park,2500000,184000.0,64,2875.0,Sat,1,0,0,None
2020-07-18,ATM_02,ATM_02_ShoppingMall,Shopping Mall & Entertainment,3000000,615900.0,195,3158.46,Sat,1,0,0,None
2020-07-18,ATM_03,ATM_03_Residential,Residential Suburb,2000000,276900.0,105,2637.14,Sat,1,0,0,None
2020-07-18,ATM_04,ATM_04_TransitHub,Airport / Transit Terminal,3500000,529800.0,202,2622.77,Sat,1,0,0,None
2020-07-18,ATM_05,ATM_05_University,University Campus,1500000,96100.0,37,2597.3,Sat,1,0,0,None
2020-07-19,ATM_01,ATM_01_TechPark,Commercial / Tech Park,2500000,132800.0,53,2505.66,Sun,1,0,0,None
2020-07-19,ATM_02,ATM_02_ShoppingMall,Shopping Mall & Entertainment,3000000,675700.0,260,2598.85,Sun,1,0,0,None
2020-07-19,ATM_03,ATM_03_Residential,Residential Suburb,2000000,279000.0,83,3361.45,Sun,1,0,0,None
2020-07-19,ATM_04,ATM_04_TransitHub,Airport / Transit Terminal,3500000,706600.0,208,3397.12,Sun,1,0,0,None
2020-07-19,ATM_05,ATM_05_University,University Campus,1500000,69500.0,24,2895.83,Sun,1,0,0,None
2020-07-20,ATM_01,ATM_01_TechPark,Commercial / Tech Park,2500000,382400.0,110,3476.36,Mon,0,0,0,None
2020-07-20,ATM_02,ATM_02_ShoppingMall,Shopping Mall & Entertainment,3000000,334100.0,103,3243.69,Mon,0,0,0,None
2020-07-20,ATM_03,ATM_03_Residential,Residential Suburb,2000000,227100.0,86,2640.7,Mon,0,0,0,None
2020-07-20,ATM_04,ATM_04_TransitHub,Airport / Transit Terminal,3500000,559000.0,207,2700.48,Mon,0,0,0,None
2020-07-20,ATM_05,ATM_05_University,University Campus,1500000,175700.0,55,3194.55,Mon,0,0,0,None
2020-07-21,ATM_01,ATM_01_TechPark,Commercial / Tech Park,2500000,329500.0,127,2594.49,Tue,0,0,0,None
2020-07-21,ATM_02,ATM_02_ShoppingMall,Shopping Mall & Entertainment,3000000,323000.0,103,3135.92,Tue,0,0,0,None
2020-07-21,ATM_03,ATM_03_Residential,Residential Suburb,2000000,222000.0,75,2960.0,Tue,0,0,0,None
2020-07-21,ATM_04,ATM_04_TransitHub,Airport / Transit Terminal,3500000,405100.0,117,3462.39,Tue,0,0,0,None
2020-07-21,ATM_05,ATM_05_University,University Campus,1500000,156500.0,62,2524.19,Tue,0,0,0,None
2020-07-22,ATM_01,ATM_01_TechPark,Commercial / Tech Park,2500000,366100.0,148,2473.65,Wed,0,0,0,None
2020-07-22,ATM_02,ATM_02_ShoppingMall,Shopping Mall & Entertainment,3000000,287100.0,86,3338.37,Wed,0,0,0,None
2020-07-22,ATM_03,ATM_03_Residential,Residential Suburb,2000000,189500.0,81,2339.51,Wed,0,0,0,None
2020-07-22,ATM_04,ATM_04_TransitHub,Airport / Transit Terminal,3500000,522900.0,205,2550.73,Wed,0,0,0,None
2020-07-22,ATM_05,ATM_05_University,University Campus,1500000,147500.0,47,3138.3,Wed,0,0,0,None
2020-07-23,ATM_01,ATM_01_TechPark,Commercial / Tech Park,2500000,338900.0,138,2455.8,Thu,0,0,0,None
2020-07-23,ATM_02,ATM_02_ShoppingMall,Shopping Mall & Entertainment,3000000,326200.0,102,3198.04,Thu,0,0,0,None
2020-07-23,ATM_03,ATM_03_Residential,Residential Suburb,2000000,216500.0,76,2848.68,Thu,0,0,0,None
2020-07-23,ATM_04,ATM_04_TransitHub,Airport / Transit Terminal,3500000,481500.0,144,3343.75,Thu,0,0,0,None
2020-07-23,ATM_05,ATM_05_University,University Campus,1500000,145600.0,65,2240.0,Thu,0,0,0,None
2020-07-24,ATM_01,ATM_01_TechPark,Commercial / Tech Park,2500000,519800.0,152,3419.74,Fri,0,0,0,None
2020-07-24,ATM_02,ATM_02_ShoppingMall,Shopping Mall & Entertainment,3000000,533600.0,152,3510.53,Fri,0,0,0,None
2020-07-24,ATM_03,ATM_03_Residential,Residential Suburb,2000000,233200.0,82,2843.9,Fri,0,0,0,None
2020-07-24,ATM_04,ATM_04_TransitHub,Airport / Transit Terminal,3500000,653700.0,265,2466.79,Fri,0,0,0,None
2020-07-24,ATM_05,ATM_05_University,University Campus,1500000,200900.0,59,3405.08,Fri,0,0,0,None
2020-07-25,ATM_01,ATM_01_TechPark,Commercial / Tech Park,2500000,138600.0,51,2717.65,Sat,1,0,0,None
2020-07-25,ATM_02,ATM_02_ShoppingMall,Shopping Mall & Entertainment,3000000,610200.0,210,2905.71,Sat,1,0,0,None
2020-07-25,ATM_03,ATM_03_Residential,Residential Suburb,2000000,243200.0,84,2895.24,Sat,1,0,0,None
2020-07-25,ATM_04,ATM_04_TransitHub,Airport / Transit Terminal,3500000,666800.0,234,2849.57,Sat,1,0,0,None
2020-07-25,ATM_05,ATM_05_University,University Campus,1500000,126000.0,44,2863.64,Sat,1,0,0,None
2020-07-26,ATM_01,ATM_01_TechPark,Commercial / Tech Park,2500000,140300.0,42,3340.48,Sun,1,0,0,None
2020-07-26,ATM_02,ATM_02_ShoppingMall,Shopping Mall & Entertainment,3000000,657300.0,240,2738.75,Sun,1,0,0,None
2020-07-26,ATM_03,ATM_03_Residential,Residential Suburb,2000000,238900.0,81,2949.38,Sun,1,0,0,None
2020-07-26,ATM_04,ATM_04_TransitHub,Airport / Transit Terminal,3500000,646000.0,254,2543.31,Sun,1,0,0,None
2020-07-26,ATM_05,ATM_05_University,University Campus,1500000,78300.0,22,3559.09,Sun,1,0,0,None
2020-07-27,ATM_01,ATM_01_TechPark,Commercial / Tech Park,2500000,377900.0,157,2407.01,Mon,0,0,0,None
2020-07-27,ATM_02,ATM_02_ShoppingMall,Shopping Mall & Entertainment,3000000,279300.0,106,2634.91,Mon,0,0,0,None
2020-07-27,ATM_03,ATM_03_Residential,Residential Suburb,2000000,215600.0,75,2874.67,Mon,0,0,0,None
2020-07-27,ATM_04,ATM_04_TransitHub,Airport / Transit Terminal,3500000,687900.0,225,3057.33,Mon,0,0,0,None
2020-07-27,ATM_05,ATM_05_University,University Campus,1500000,166900.0,51,3272.55,Mon,0,0,0,None
2020-07-28,ATM_01,ATM_01_TechPark,Commercial / Tech Park,2500000,368000.0,106,3471.7,Tue,0,0,0,None
2020-07-28,ATM_02,ATM_02_ShoppingMall,Shopping Mall & Entertainment,3000000,290600.0,120,2421.67,Tue,0,0,0,None
2020-07-28,ATM_03,ATM_03_Residential,Residential Suburb,2000000,201200.0,62,3245.16,Tue,0,0,0,None
2020-07-28,ATM_04,ATM_04_TransitHub,Airport / Transit Terminal,3500000,591600.0,208,2844.23,Tue,0,0,0,None
2020-07-28,ATM_05,ATM_05_University,University Campus,1500000,184900.0,54,3424.07,Tue,0,0,0,None
2020-07-29,ATM_01,ATM_01_TechPark,Commercial / Tech Park,2500000,331200.0,145,2284.14,Wed,0,0,0,None
2020-07-29,ATM_02,ATM_02_ShoppingMall,Shopping Mall & Entertainment,3000000,320700.0,142,2258.45,Wed,0,0,0,None
2020-07-29,ATM_03,ATM_03_Residential,Residential Suburb,2000000,230400.0,75,3072.0,Wed,0,0,0,None
2020-07-29,ATM_04,ATM_04_TransitHub,Airport / Transit Terminal,3500000,404600.0,126,3211.11,Wed,0,0,0,None
2020-07-29,ATM_05,ATM_05_University,University Campus,1500000,133700.0,53,2522.64,Wed,0,0,0,None
2020-07-30,ATM_01,ATM_01_TechPark,Commercial / Tech Park,2500000,421700.0,135,3123.7,Thu,0,0,0,None
2020-07-30,ATM_02,ATM_02_ShoppingMall,Shopping Mall & Entertainment,3000000,416700.0,155,2688.39,Thu,0,0,0,None
2020-07-30,ATM_03,ATM_03_Residential,Residential Suburb,2000000,220500.0,73,3020.55,Thu,0,0,0,None
2020-07-30,ATM_04,ATM_04_TransitHub,Airport / Transit Terminal,3500000,521400.0,184,2833.7,Thu,0,0,0,None
2020-07-30,ATM_05,ATM_05_University,University Campus,1500000,146600.0,51,2874.51,Thu,0,0,0,None
2020-07-31,ATM_01,ATM_01_TechPark,Commercial / Tech Park,2500000,488600.0,220,2220.91,Fri,0,0,0,None
2020-07-31,ATM_02,ATM_02_ShoppingMall,Shopping Mall & Entertainment,3000000,512600.0,177,2896.05,Fri,0,0,0,None
2020-07-31,ATM_03,ATM_03_Residential,Residential Suburb,2000000,229300.0,103,2226.21,Fri,0,0,0,None
2020-07-31,ATM_04,ATM_04_TransitHub,Airport / Transit Terminal,3500000,862300.0,264,3266.29,Fri,0,0,0,None
2020-07-31,ATM_05,ATM_05_University,University Campus,1500000,165900.0,49,3385.71,Fri,0,0,0,None
2020-08-01,ATM_01,ATM_01_TechPark,Commercial / Tech Park,2500000,95600.0,40,2390.0,Sat,1,1,1,Bakrid / Eid al-Adha
2020-08-01,ATM_02,ATM_02_ShoppingMall,Shopping Mall & Entertainment,3000000,1436300.0,586,2451.02,Sat,1,1,1,Bakrid / Eid al-Adha
2020-08-01,ATM_03,ATM_03_Residential,Residential Suburb,2000000,373000.0,129,2891.47,Sat,1,1,1,Bakrid / Eid al-Adha
2020-08-01,ATM_04,ATM_04_TransitHub,Airport / Transit Terminal,3500000,1058000.0,389,2719.79,Sat,1,1,1,Bakrid / Eid al-Adha
2020-08-01,ATM_05,ATM_05_University,University Campus,1500000,40300.0,15,2686.67,Sat,1,1,1,Bakrid / Eid al-Adha
2020-08-02,ATM_01,ATM_01_TechPark,Commercial / Tech Park,2500000,195100.0,55,3547.27,Sun,1,1,0,None
2020-08-02,ATM_02,ATM_02_ShoppingMall,Shopping Mall & Entertainment,3000000,767800.0,307,2500.98,Sun,1,1,0,None
2020-08-02,ATM_03,ATM_03_Residential,Residential Suburb,2000000,311500.0,102,3053.92,Sun,1,1,0,None
2020-08-02,ATM_04,ATM_04_TransitHub,Airport / Transit Terminal,3500000,567900.0,171,3321.05,Sun,1,1,0,None
2020-08-02,ATM_05,ATM_05_University,University Campus,1500000,102900.0,38,2707.89,Sun,1,1,0,None
2020-08-03,ATM_01,ATM_01_TechPark,Commercial / Tech Park,2500000,676600.0,231,2929.0,Mon,0,1,0,None
2020-08-03,ATM_02,ATM_02_ShoppingMall,Shopping Mall & Entertainment,3000000,351200.0,144,2438.89,Mon,0,1,0,None
2020-08-03,ATM_03,ATM_03_Residential,Residential Suburb,2000000,312900.0,109,2870.64,Mon,0,1,0,None
2020-08-03,ATM_04,ATM_04_TransitHub,Airport / Transit Terminal,3500000,543500.0,185,2937.84,Mon,0,1,0,None
2020-08-03,ATM_05,ATM_05_University,University Campus,1500000,251300.0,75,3350.67,Mon,0,1,0,None
2020-08-04,ATM_01,ATM_01_TechPark,Commercial / Tech Park,2500000,725500.0,321,2260.12,Tue,0,1,0,None
2020-08-04,ATM_02,ATM_02_ShoppingMall,Shopping Mall & Entertainment,3000000,395500.0,159,2487.42,Tue,0,1,0,None
2020-08-04,ATM_03,ATM_03_Residential,Residential Suburb,2000000,306300.0,108,2836.11,Tue,0,1,0,None
2020-08-04,ATM_04,ATM_04_TransitHub,Airport / Transit Terminal,3500000,498800.0,220,2267.27,Tue,0,1,0,None
2020-08-04,ATM_05,ATM_05_University,University Campus,1500000,267500.0,79,3386.08,Tue,0,1,0,None
2020-08-05,ATM_01,ATM_01_TechPark,Commercial / Tech Park,2500000,693400.0,236,2938.14,Wed,0,1,0,None
2020-08-05,ATM_02,ATM_02_ShoppingMall,Shopping Mall & Entertainment,3000000,481600.0,184,2617.39,Wed,0,1,0,None
2020-08-05,ATM_03,ATM_03_Residential,Residential Suburb,2000000,290500.0,84,3458.33,Wed,0,1,0,None
2020-08-05,ATM_04,ATM_04_TransitHub,Airport / Transit Terminal,3500000,497200.0,159,3127.04,Wed,0,1,0,None
2020-08-05,ATM_05,ATM_05_University,University Campus,1500000,199000.0,73,2726.03,Wed,0,1,0,None
2020-08-06,ATM_01,ATM_01_TechPark,Commercial / Tech Park,2500000,399900.0,159,2515.09,Thu,0,0,0,None
2020-08-06,ATM_02,ATM_02_ShoppingMall,Shopping Mall & Entertainment,3000000,376400.0,114,3301.75,Thu,0,0,0,None
2020-08-06,ATM_03,ATM_03_Residential,Residential Suburb,2000000,194700.0,73,2667.12,Thu,0,0,0,None
2020-08-06,ATM_04,ATM_04_TransitHub,Airport / Transit Terminal,3500000,650700.0,204,3189.71,Thu,0,0,0,None
2020-08-06,ATM_05,ATM_05_University,University Campus,1500000,189300.0,60,3155.0,Thu,0,0,0,None
2020-08-07,ATM_01,ATM_01_TechPark,Commercial / Tech Park,2500000,516500.0,181,2853.59,Fri,0,0,0,None
2020-08-07,ATM_02,ATM_02_ShoppingMall,Shopping Mall & Entertainment,3000000,517800.0,187,2768.98,Fri,0,0,0,None
2020-08-07,ATM_03,ATM_03_Residential,Residential Suburb,2000000,230700.0,70,3295.71,Fri,0,0,0,None
2020-08-07,ATM_04,ATM_04_TransitHub,Airport / Transit Terminal,3500000,568400.0,165,3444.85,Fri,0,0,0,None
2020-08-07,ATM_05,ATM_05_University,University Campus,1500000,199200.0,73,2728.77,Fri,0,0,0,None
2020-08-08,ATM_01,ATM_01_TechPark,Commercial / Tech Park,2500000,157500.0,61,2581.97,Sat,1,0,0,None
2020-08-08,ATM_02,ATM_02_ShoppingMall,Shopping Mall & Entertainment,3000000,621100.0,177,3509.04,Sat,1,0,0,None
2020-08-08,ATM_03,ATM_03_Residential,Residential Suburb,2000000,233000.0,68,3426.47,Sat,1,0,0,None
2020-08-08,ATM_04,ATM_04_TransitHub,Airport / Transit Terminal,3500000,616700.0,223,2765.47,Sat,1,0,0,None
2020-08-08,ATM_05,ATM_05_University,University Campus,1500000,97100.0,42,2311.9,Sat,1,0,0,None
2020-08-09,ATM_01,ATM_01_TechPark,Commercial / Tech Park,2500000,109200.0,36,3033.33,Sun,1,0,0,None
2020-08-09,ATM_02,ATM_02_ShoppingMall,Shopping Mall & Entertainment,3000000,626200.0,271,2310.7,Sun,1,0,0,None
2020-08-09,ATM_03,ATM_03_Residential,Residential Suburb,2000000,220600.0,91,2424.18,Sun,1,0,0,None
2020-08-09,ATM_04,ATM_04_TransitHub,Airport / Transit Terminal,3500000,603300.0,190,3175.26,Sun,1,0,0,None
2020-08-09,ATM_05,ATM_05_University,University Campus,1500000,64400.0,24,2683.33,Sun,1,0,0,None
2020-08-10,ATM_01,ATM_01_TechPark,Commercial / Tech Park,2500000,404200.0,155,2607.74,Mon,0,0,0,None
2020-08-10,ATM_02,ATM_02_ShoppingMall,Shopping Mall & Entertainment,3000000,291300.0,109,2672.48,Mon,0,0,0,None
2020-08-10,ATM_03,ATM_03_Residential,Residential Suburb,2000000,230700.0,94,2454.26,Mon,0,0,0,None
2020-08-10,ATM_04,ATM_04_TransitHub,Airport / Transit Terminal,3500000,623600.0,224,2783.93,Mon,0,0,0,None
2020-08-10,ATM_05,ATM_05_University,University Campus,1500000,154400.0,69,2237.68,Mon,0,0,0,None
2020-08-11,ATM_01,ATM_01_TechPark,Commercial / Tech Park,2500000,149500.0,56,2669.64,Tue,0,0,1,Janmashtami
2020-08-11,ATM_02,ATM_02_ShoppingMall,Shopping Mall & Entertainment,3000000,618600.0,235,2632.34,Tue,0,0,1,Janmashtami
2020-08-11,ATM_03,ATM_03_Residential,Residential Suburb,2000000,240900.0,89,2706.74,Tue,0,0,1,Janmashtami
2020-08-11,ATM_04,ATM_04_TransitHub,Airport / Transit Terminal,3500000,749300.0,324,2312.65,Tue,0,0,1,Janmashtami
2020-08-11,ATM_05,ATM_05_University,University Campus,1500000,52700.0,15,3513.33,Tue,0,0,1,Janmashtami
2020-08-12,ATM_01,ATM_01_TechPark,Commercial / Tech Park,2500000,434100.0,147,2953.06,Wed,0,0,0,None
2020-08-12,ATM_02,ATM_02_ShoppingMall,Shopping Mall & Entertainment,3000000,277400.0,114,2433.33,Wed,0,0,0,None
2020-08-12,ATM_03,ATM_03_Residential,Residential Suburb,2000000,204600.0,78,2623.08,Wed,0,0,0,None
2020-08-12,ATM_04,ATM_04_TransitHub,Airport / Transit Terminal,3500000,546100.0,192,2844.27,Wed,0,0,0,None
2020-08-12,ATM_05,ATM_05_University,University Campus,1500000,168200.0,61,2757.38,Wed,0,0,0,None
2020-08-13,ATM_01,ATM_01_TechPark,Commercial / Tech Park,2500000,397200.0,140,2837.14,Thu,0,0,0,None
2020-08-13,ATM_02,ATM_02_ShoppingMall,Shopping Mall & Entertainment,3000000,391800.0,155,2527.74,Thu,0,0,0,None
2020-08-13,ATM_03,ATM_03_Residential,Residential Suburb,2000000,220900.0,73,3026.03,Thu,0,0,0,None
2020-08-13,ATM_04,ATM_04_TransitHub,Airport / Transit Terminal,3500000,523300.0,223,2346.64,Thu,0,0,0,None
2020-08-13,ATM_05,ATM_05_University,University Campus,1500000,156500.0,60,2608.33,Thu,0,0,0,None
2020-08-14,ATM_01,ATM_01_TechPark,Commercial / Tech Park,2500000,466900.0,155,3012.26,Fri,0,0,0,None
2020-08-14,ATM_02,ATM_02_ShoppingMall,Shopping Mall & Entertainment,3000000,488100.0,150,3254.0,Fri,0,0,0,None
2020-08-14,ATM_03,ATM_03_Residential,Residential Suburb,2000000,225800.0,69,3272.46,Fri,0,0,0,None
2020-08-14,ATM_04,ATM_04_TransitHub,Airport / Transit Terminal,3500000,701300.0,211,3323.7,Fri,0,0,0,None
2020-08-14,ATM_05,ATM_05_University,University Campus,1500000,185100.0,70,2644.29,Fri,0,0,0,None
2020-08-15,ATM_01,ATM_01_TechPark,Commercial / Tech Park,2500000,62500.0,18,3472.22,Sat,1,0,1,Independence Day
2020-08-15,ATM_02,ATM_02_ShoppingMall,Shopping Mall & Entertainment,3000000,1178400.0,341,3455.72,Sat,1,0,1,Independence Day
2020-08-15,ATM_03,ATM_03_Residential,Residential Suburb,2000000,285600.0,82,3482.93,Sat,1,0,1,Independence Day
2020-08-15,ATM_04,ATM_04_TransitHub,Airport / Transit Terminal,3500000,847700.0,298,2844.63,Sat,1,0,1,Independence Day
2020-08-15,ATM_05,ATM_05_University,University Campus,1500000,35100.0,11,3190.91,Sat,1,0,1,Independence Day
2020-08-16,ATM_01,ATM_01_TechPark,Commercial / Tech Park,2500000,122900.0,37,3321.62,Sun,1,0,0,None
2020-08-16,ATM_02,ATM_02_ShoppingMall,Shopping Mall & Entertainment,3000000,657500.0,242,2716.94,Sun,1,0,0,None
2020-08-16,ATM_03,ATM_03_Residential,Residential Suburb,2000000,257200.0,86,2990.7,Sun,1,0,0,None
2020-08-16,ATM_04,ATM_04_TransitHub,Airport / Transit Terminal,3500000,694000.0,238,2915.97,Sun,1,0,0,None
2020-08-16,ATM_05,ATM_05_University,University Campus,1500000,70200.0,20,3510.0,Sun,1,0,0,None
2020-08-17,ATM_01,ATM_01_TechPark,Commercial / Tech Park,2500000,365400.0,130,2810.77,Mon,0,0,0,None
2020-08-17,ATM_02,ATM_02_ShoppingMall,Shopping Mall & Entertainment,3000000,282000.0,109,2587.16,Mon,0,0,0,None
2020-08-17,ATM_03,ATM_03_Residential,Residential Suburb,2000000,217600.0,70,3108.57,Mon,0,0,0,None
2020-08-17,ATM_04,ATM_04_TransitHub,Airport / Transit Terminal,3500000,640300.0,234,2736.32,Mon,0,0,0,None
2020-08-17,ATM_05,ATM_05_University,University Campus,1500000,144800.0,50,2896.0,Mon,0,0,0,None
2020-08-18,ATM_01,ATM_01_TechPark,Commercial / Tech Park,2500000,369700.0,120,3080.83,Tue,0,0,0,None
2020-08-18,ATM_02,ATM_02_ShoppingMall,Shopping Mall & Entertainment,3000000,292400.0,93,3144.09,Tue,0,0,0,None
2020-08-18,ATM_03,ATM_03_Residential,Residential Suburb,2000000,211200.0,60,3520.0,Tue,0,0,0,None
2020-08-18,ATM_04,ATM_04_TransitHub,Airport / Transit Terminal,3500000,509900.0,180,2832.78,Tue,0,0,0,None
2020-08-18,ATM_05,ATM_05_University,University Campus,1500000,148000.0,43,3441.86,Tue,0,0,0,None
2020-08-19,ATM_01,ATM_01_TechPark,Commercial / Tech Park,2500000,388000.0,125,3104.0,Wed,0,0,0,None
2020-08-19,ATM_02,ATM_02_ShoppingMall,Shopping Mall & Entertainment,3000000,272900.0,102,2675.49,Wed,0,0,0,None
2020-08-19,ATM_03,ATM_03_Residential,Residential Suburb,2000000,204000.0,60,3400.0,Wed,0,0,0,None
2020-08-19,ATM_04,ATM_04_TransitHub,Airport / Transit Terminal,3500000,436500.0,188,2321.81,Wed,0,0,0,None
2020-08-19,ATM_05,ATM_05_University,University Campus,1500000,150200.0,46,3265.22,Wed,0,0,0,None
2020-08-20,ATM_01,ATM_01_TechPark,Commercial / Tech Park,2500000,369400.0,121,3052.89,Thu,0,0,0,None
2020-08-20,ATM_02,ATM_02_ShoppingMall,Shopping Mall & Entertainment,3000000,339000.0,150,2260.0,Thu,0,0,0,None
2020-08-20,ATM_03,ATM_03_Residential,Residential Suburb,2000000,236200.0,86,2746.51,Thu,0,0,0,None
2020-08-20,ATM_04,ATM_04_TransitHub,Airport / Transit Terminal,3500000,550900.0,173,3184.39,Thu,0,0,0,None
2020-08-20,ATM_05,ATM_05_University,University Campus,1500000,177300.0,80,2216.25,Thu,0,0,0,None
2020-08-21,ATM_01,ATM_01_TechPark,Commercial / Tech Park,2500000,430000.0,169,2544.38,Fri,0,0,0,None
2020-08-21,ATM_02,ATM_02_ShoppingMall,Shopping Mall & Entertainment,3000000,442600.0,149,2970.47,Fri,0,0,0,None
2020-08-21,ATM_03,ATM_03_Residential,Residential Suburb,2000000,231200.0,78,2964.1,Fri,0,0,0,None
2020-08-21,ATM_04,ATM_04_TransitHub,Airport / Transit Terminal,3500000,569400.0,177,3216.95,Fri,0,0,0,None
2020-08-21,ATM_05,ATM_05_University,University Campus,1500000,182300.0,61,2988.52,Fri,0,0,0,None
2020-08-22,ATM_01,ATM_01_TechPark,Commercial / Tech Park,2500000,58400.0,26,2246.15,Sat,1,0,1,Ganesh Chaturthi
2020-08-22,ATM_02,ATM_02_ShoppingMall,Shopping Mall & Entertainment,3000000,1150000.0,492,2337.4,Sat,1,0,1,Ganesh Chaturthi
2020-08-22,ATM_03,ATM_03_Residential,Residential Suburb,2000000,236600.0,100,2366.0,Sat,1,0,1,Ganesh Chaturthi
2020-08-22,ATM_04,ATM_04_TransitHub,Airport / Transit Terminal,3500000,1029600.0,300,3432.0,Sat,1,0,1,Ganesh Chaturthi
2020-08-22,ATM_05,ATM_05_University,University Campus,1500000,32500.0,11,2954.55,Sat,1,0,1,Ganesh Chaturthi
2020-08-23,ATM_01,ATM_01_TechPark,Commercial / Tech Park,2500000,129300.0,52,2486.54,Sun,1,0,0,None
2020-08-23,ATM_02,ATM_02_ShoppingMall,Shopping Mall & Entertainment,3000000,532600.0,192,2773.96,Sun,1,0,0,None
2020-08-23,ATM_03,ATM_03_Residential,Residential Suburb,2000000,245300.0,78,3144.87,Sun,1,0,0,None
2020-08-23,ATM_04,ATM_04_TransitHub,Airport / Transit Terminal,3500000,604500.0,185,3267.57,Sun,1,0,0,None
2020-08-23,ATM_05,ATM_05_University,University Campus,1500000,78900.0,33,2390.91,Sun,1,0,0,None
2020-08-24,ATM_01,ATM_01_TechPark,Commercial / Tech Park,2500000,430400.0,139,3096.4,Mon,0,0,0,None
2020-08-24,ATM_02,ATM_02_ShoppingMall,Shopping Mall & Entertainment,3000000,256600.0,106,2420.75,Mon,0,0,0,None
2020-08-24,ATM_03,ATM_03_Residential,Residential Suburb,2000000,242900.0,100,2429.0,Mon,0,0,0,None
2020-08-24,ATM_04,ATM_04_TransitHub,Airport / Transit Terminal,3500000,583400.0,242,2410.74,Mon,0,0,0,None
2020-08-24,ATM_05,ATM_05_University,University Campus,1500000,133900.0,53,2526.42,Mon,0,0,0,None
2020-08-25,ATM_01,ATM_01_TechPark,Commercial / Tech Park,2500000,357200.0,131,2726.72,Tue,0,0,0,None
2020-08-25,ATM_02,ATM_02_ShoppingMall,Shopping Mall & Entertainment,3000000,327900.0,118,2778.81,Tue,0,0,0,None
2020-08-25,ATM_03,ATM_03_Residential,Residential Suburb,2000000,227000.0,101,2247.52,Tue,0,0,0,None
2020-08-25,ATM_04,ATM_04_TransitHub,Airport / Transit Terminal,3500000,503200.0,169,2977.51,Tue,0,0,0,None
2020-08-25,ATM_05,ATM_05_University,University Campus,1500000,156100.0,57,2738.6,Tue,0,0,0,None
2020-08-26,ATM_01,ATM_01_TechPark,Commercial / Tech Park,2500000,362800.0,114,3182.46,Wed,0,0,0,None
2020-08-26,ATM_02,ATM_02_ShoppingMall,Shopping Mall & Entertainment,3000000,308100.0,94,3277.66,Wed,0,0,0,None
2020-08-26,ATM_03,ATM_03_Residential,Residential Suburb,2000000,215900.0,64,3373.44,Wed,0,0,0,None
2020-08-26,ATM_04,ATM_04_TransitHub,Airport / Transit Terminal,3500000,535900.0,219,2447.03,Wed,0,0,0,None
2020-08-26,ATM_05,ATM_05_University,University Campus,1500000,148000.0,58,2551.72,Wed,0,0,0,None
2020-08-27,ATM_01,ATM_01_TechPark,Commercial / Tech Park,2500000,416400.0,125,3331.2,Thu,0,0,0,None
2020-08-27,ATM_02,ATM_02_ShoppingMall,Shopping Mall & Entertainment,3000000,316700.0,106,2987.74,Thu,0,0,0,None
2020-08-27,ATM_03,ATM_03_Residential,Residential Suburb,2000000,214000.0,71,3014.08,Thu,0,0,0,None
2020-08-27,ATM_04,ATM_04_TransitHub,Airport / Transit Terminal,3500000,509100.0,154,3305.84,Thu,0,0,0,None
2020-08-27,ATM_05,ATM_05_University,University Campus,1500000,155500.0,51,3049.02,Thu,0,0,0,None
2020-08-28,ATM_01,ATM_01_TechPark,Commercial / Tech Park,2500000,460200.0,177,2600.0,Fri,0,0,0,None
2020-08-28,ATM_02,ATM_02_ShoppingMall,Shopping Mall & Entertainment,3000000,431700.0,143,3018.88,Fri,0,0,0,None
2020-08-28,ATM_03,ATM_03_Residential,Residential Suburb,2000000,239200.0,101,2368.32,Fri,0,0,0,None
2020-08-28,ATM_04,ATM_04_TransitHub,Airport / Transit Terminal,3500000,663900.0,255,2603.53,Fri,0,0,0,None
2020-08-28,ATM_05,ATM_05_University,University Campus,1500000,187400.0,65,2883.08,Fri,0,0,0,None
2020-08-29,ATM_01,ATM_01_TechPark,Commercial / Tech Park,2500000,175800.0,64,2746.88,Sat,1,0,0,None
2020-08-29,ATM_02,ATM_02_ShoppingMall,Shopping Mall & Entertainment,3000000,681200.0,279,2441.58,Sat,1,0,0,None
2020-08-29,ATM_03,ATM_03_Residential,Residential Suburb,2000000,259500.0,85,3052.94,Sat,1,0,0,None
2020-08-29,ATM_04,ATM_04_TransitHub,Airport / Transit Terminal,3500000,579300.0,165,3510.91,Sat,1,0,0,None
2020-08-29,ATM_05,ATM_05_University,University Campus,1500000,90900.0,31,2932.26,Sat,1,0,0,None
2020-08-30,ATM_01,ATM_01_TechPark,Commercial / Tech Park,2500000,117500.0,45,2611.11,Sun,1,0,0,None
2020-08-30,ATM_02,ATM_02_ShoppingMall,Shopping Mall & Entertainment,3000000,603900.0,216,2795.83,Sun,1,0,0,None
2020-08-30,ATM_03,ATM_03_Residential,Residential Suburb,2000000,257000.0,116,2215.52,Sun,1,0,0,None
2020-08-30,ATM_04,ATM_04_TransitHub,Airport / Transit Terminal,3500000,656200.0,276,2377.54,Sun,1,0,0,None
2020-08-30,ATM_05,ATM_05_University,University Campus,1500000,80800.0,28,2885.71,Sun,1,0,0,None
2020-08-31,ATM_01,ATM_01_TechPark,Commercial / Tech Park,2500000,327600.0,115,2848.7,Mon,0,0,0,None
2020-08-31,ATM_02,ATM_02_ShoppingMall,Shopping Mall & Entertainment,3000000,279200.0,84,3323.81,Mon,0,0,0,None
2020-08-31,ATM_03,ATM_03_Residential,Residential Suburb,2000000,219700.0,77,2853.25,Mon,0,0,0,None
2020-08-31,ATM_04,ATM_04_TransitHub,Airport / Transit Terminal,3500000,605200.0,189,3202.12,Mon,0,0,0,None
2020-08-31,ATM_05,ATM_05_University,University Campus,1500000,172000.0,66,2606.06,Mon,0,0,0,None
2020-09-01,ATM_01,ATM_01_TechPark,Commercial / Tech Park,2500000,661400.0,273,2422.71,Tue,0,1,0,None
2020-09-01,ATM_02,ATM_02_ShoppingMall,Shopping Mall & Entertainment,3000000,415700.0,148,2808.78,Tue,0,1,0,None
2020-09-01,ATM_03,ATM_03_Residential,Residential Suburb,2000000,281300.0,96,2930.21,Tue,0,1,0,None
2020-09-01,ATM_04,ATM_04_TransitHub,Airport / Transit Terminal,3500000,487400.0,207,2354.59,Tue,0,1,0,None
2020-09-01,ATM_05,ATM_05_University,University Campus,1500000,252800.0,77,3283.12,Tue,0,1,0,None
2020-09-02,ATM_01,ATM_01_TechPark,Commercial / Tech Park,2500000,699700.0,261,2680.84,Wed,0,1,0,None
2020-09-02,ATM_02,ATM_02_ShoppingMall,Shopping Mall & Entertainment,3000000,398600.0,127,3138.58,Wed,0,1,0,None
2020-09-02,ATM_03,ATM_03_Residential,Residential Suburb,2000000,278300.0,95,2929.47,Wed,0,1,0,None
2020-09-02,ATM_04,ATM_04_TransitHub,Airport / Transit Terminal,3500000,633900.0,193,3284.46,Wed,0,1,0,None
2020-09-02,ATM_05,ATM_05_University,University Campus,1500000,215500.0,67,3216.42,Wed,0,1,0,None
2020-09-03,ATM_01,ATM_01_TechPark,Commercial / Tech Park,2500000,611500.0,219,2792.24,Thu,0,1,0,None
2020-09-03,ATM_02,ATM_02_ShoppingMall,Shopping Mall & Entertainment,3000000,600400.0,226,2656.64,Thu,0,1,0,None
2020-09-03,ATM_03,ATM_03_Residential,Residential Suburb,2000000,299400.0,85,3522.35,Thu,0,1,0,None
2020-09-03,ATM_04,ATM_04_TransitHub,Airport / Transit Terminal,3500000,567700.0,176,3225.57,Thu,0,1,0,None
2020-09-03,ATM_05,ATM_05_University,University Campus,1500000,229500.0,77,2980.52,Thu,0,1,0,None
2020-09-04,ATM_01,ATM_01_TechPark,Commercial / Tech Park,2500000,875200.0,329,2660.18,Fri,0,1,0,None
2020-09-04,ATM_02,ATM_02_ShoppingMall,Shopping Mall & Entertainment,3000000,581400.0,240,2422.5,Fri,0,1,0,None
2020-09-04,ATM_03,ATM_03_Residential,Residential Suburb,2000000,286900.0,120,2390.83,Fri,0,1,0,None
2020-09-04,ATM_04,ATM_04_TransitHub,Airport / Transit Terminal,3500000,751800.0,330,2278.18,Fri,0,1,0,None
2020-09-04,ATM_05,ATM_05_University,University Campus,1500000,261600.0,98,2669.39,Fri,0,1,0,None
2020-09-05,ATM_01,ATM_01_TechPark,Commercial / Tech Park,2500000,269800.0,102,2645.1,Sat,1,1,0,None
2020-09-05,ATM_02,ATM_02_ShoppingMall,Shopping Mall & Entertainment,3000000,857900.0,275,3119.64,Sat,1,1,0,None
2020-09-05,ATM_03,ATM_03_Residential,Residential Suburb,2000000,329800.0,99,3331.31,Sat,1,1,0,None
2020-09-05,ATM_04,ATM_04_TransitHub,Airport / Transit Terminal,3500000,769900.0,221,3483.71,Sat,1,1,0,None
2020-09-05,ATM_05,ATM_05_University,University Campus,1500000,141700.0,41,3456.1,Sat,1,1,0,None
2020-09-06,ATM_01,ATM_01_TechPark,Commercial / Tech Park,2500000,118400.0,36,3288.89,Sun,1,0,0,None
2020-09-06,ATM_02,ATM_02_ShoppingMall,Shopping Mall & Entertainment,3000000,762100.0,229,3327.95,Sun,1,0,0,None
2020-09-06,ATM_03,ATM_03_Residential,Residential Suburb,2000000,220500.0,93,2370.97,Sun,1,0,0,None
2020-09-06,ATM_04,ATM_04_TransitHub,Airport / Transit Terminal,3500000,667500.0,213,3133.8,Sun,1,0,0,None
2020-09-06,ATM_05,ATM_05_University,University Campus,1500000,69800.0,21,3323.81,Sun,1,0,0,None
2020-09-07,ATM_01,ATM_01_TechPark,Commercial / Tech Park,2500000,405500.0,142,2855.63,Mon,0,0,0,None
2020-09-07,ATM_02,ATM_02_ShoppingMall,Shopping Mall & Entertainment,3000000,246400.0,83,2968.67,Mon,0,0,0,None
2020-09-07,ATM_03,ATM_03_Residential,Residential Suburb,2000000,230100.0,82,2806.1,Mon,0,0,0,None
2020-09-07,ATM_04,ATM_04_TransitHub,Airport / Transit Terminal,3500000,659200.0,218,3023.85,Mon,0,0,0,None
2020-09-07,ATM_05,ATM_05_University,University Campus,1500000,174200.0,60,2903.33,Mon,0,0,0,None
2020-09-08,ATM_01,ATM_01_TechPark,Commercial / Tech Park,2500000,375300.0,146,2570.55,Tue,0,0,0,None
2020-09-08,ATM_02,ATM_02_ShoppingMall,Shopping Mall & Entertainment,3000000,336500.0,97,3469.07,Tue,0,0,0,None
2020-09-08,ATM_03,ATM_03_Residential,Residential Suburb,2000000,205100.0,78,2629.49,Tue,0,0,0,None
2020-09-08,ATM_04,ATM_04_TransitHub,Airport / Transit Terminal,3500000,644100.0,204,3157.35,Tue,0,0,0,None
2020-09-08,ATM_05,ATM_05_University,University Campus,1500000,162300.0,51,3182.35,Tue,0,0,0,None
2020-09-09,ATM_01,ATM_01_TechPark,Commercial / Tech Park,2500000,325300.0,122,2666.39,Wed,0,0,0,None
2020-09-09,ATM_02,ATM_02_ShoppingMall,Shopping Mall & Entertainment,3000000,341100.0,149,2289.26,Wed,0,0,0,None
2020-09-09,ATM_03,ATM_03_Residential,Residential Suburb,2000000,201200.0,72,2794.44,Wed,0,0,0,None
2020-09-09,ATM_04,ATM_04_TransitHub,Airport / Transit Terminal,3500000,513700.0,207,2481.64,Wed,0,0,0,None
2020-09-09,ATM_05,ATM_05_University,University Campus,1500000,151600.0,57,2659.65,Wed,0,0,0,None
2020-09-10,ATM_01,ATM_01_TechPark,Commercial / Tech Park,2500000,442200.0,149,2967.79,Thu,0,0,0,None
2020-09-10,ATM_02,ATM_02_ShoppingMall,Shopping Mall & Entertainment,3000000,328600.0,124,2650.0,Thu,0,0,0,None
2020-09-10,ATM_03,ATM_03_Residential,Residential Suburb,2000000,210500.0,68,3095.59,Thu,0,0,0,None
2020-09-10,ATM_04,ATM_04_TransitHub,Airport / Transit Terminal,3500000,590100.0,183,3224.59,Thu,0,0,0,None
2020-09-10,ATM_05,ATM_05_University,University Campus,1500000,164000.0,58,2827.59,Thu,0,0,0,None
2020-09-11,ATM_01,ATM_01_TechPark,Commercial / Tech Park,2500000,486500.0,175,2780.0,Fri,0,0,0,None
2020-09-11,ATM_02,ATM_02_ShoppingMall,Shopping Mall & Entertainment,3000000,572700.0,260,2202.69,Fri,0,0,0,None
2020-09-11,ATM_03,ATM_03_Residential,Residential Suburb,2000000,241100.0,77,3131.17,Fri,0,0,0,None
2020-09-11,ATM_04,ATM_04_TransitHub,Airport / Transit Terminal,3500000,627500.0,264,2376.89,Fri,0,0,0,None
2020-09-11,ATM_05,ATM_05_University,University Campus,1500000,171300.0,50,3426.0,Fri,0,0,0,None
2020-09-12,ATM_01,ATM_01_TechPark,Commercial / Tech Park,2500000,151500.0,59,2567.8,Sat,1,0,0,None
2020-09-12,ATM_02,ATM_02_ShoppingMall,Shopping Mall & Entertainment,3000000,611000.0,227,2691.63,Sat,1,0,0,None
2020-09-12,ATM_03,ATM_03_Residential,Residential Suburb,2000000,238300.0,70,3404.29,Sat,1,0,0,None
2020-09-12,ATM_04,ATM_04_TransitHub,Airport / Transit Terminal,3500000,651900.0,251,2597.21,Sat,1,0,0,None
2020-09-12,ATM_05,ATM_05_University,University Campus,1500000,111200.0,35,3177.14,Sat,1,0,0,None
2020-09-13,ATM_01,ATM_01_TechPark,Commercial / Tech Park,2500000,124000.0,39,3179.49,Sun,1,0,0,None
2020-09-13,ATM_02,ATM_02_ShoppingMall,Shopping Mall & Entertainment,3000000,687000.0,312,2201.92,Sun,1,0,0,None
2020-09-13,ATM_03,ATM_03_Residential,Residential Suburb,2000000,235600.0,94,2506.38,Sun,1,0,0,None
2020-09-13,ATM_04,ATM_04_TransitHub,Airport / Transit Terminal,3500000,636500.0,206,3089.81,Sun,1,0,0,None
2020-09-13,ATM_05,ATM_05_University,University Campus,1500000,83900.0,25,3356.0,Sun,1,0,0,None
2020-09-14,ATM_01,ATM_01_TechPark,Commercial / Tech Park,2500000,405700.0,116,3497.41,Mon,0,0,0,None
2020-09-14,ATM_02,ATM_02_ShoppingMall,Shopping Mall & Entertainment,3000000,276700.0,120,2305.83,Mon,0,0,0,None
2020-09-14,ATM_03,ATM_03_Residential,Residential Suburb,2000000,235800.0,87,2710.34,Mon,0,0,0,None
2020-09-14,ATM_04,ATM_04_TransitHub,Airport / Transit Terminal,3500000,584100.0,224,2607.59,Mon,0,0,0,None
2020-09-14,ATM_05,ATM_05_University,University Campus,1500000,162600.0,48,3387.5,Mon,0,0,0,None
2020-09-15,ATM_01,ATM_01_TechPark,Commercial / Tech Park,2500000,420000.0,132,3181.82,Tue,0,0,0,None
2020-09-15,ATM_02,ATM_02_ShoppingMall,Shopping Mall & Entertainment,3000000,350300.0,147,2382.99,Tue,0,0,0,None
2020-09-15,ATM_03,ATM_03_Residential,Residential Suburb,2000000,217200.0,75,2896.0,Tue,0,0,0,None
2020-09-15,ATM_04,ATM_04_TransitHub,Airport / Transit Terminal,3500000,533200.0,241,2212.45,Tue,0,0,0,None
2020-09-15,ATM_05,ATM_05_University,University Campus,1500000,153000.0,48,3187.5,Tue,0,0,0,None
2020-09-16,ATM_01,ATM_01_TechPark,Commercial / Tech Park,2500000,342300.0,113,3029.2,Wed,0,0,0,None
2020-09-16,ATM_02,ATM_02_ShoppingMall,Shopping Mall & Entertainment,3000000,348900.0,112,3115.18,Wed,0,0,0,None
2020-09-16,ATM_03,ATM_03_Residential,Residential Suburb,2000000,220800.0,66,3345.45,Wed,0,0,0,None
2020-09-16,ATM_04,ATM_04_TransitHub,Airport / Transit Terminal,3500000,549000.0,172,3191.86,Wed,0,0,0,None
2020-09-16,ATM_05,ATM_05_University,University Campus,1500000,158300.0,53,2986.79,Wed,0,0,0,None
2020-09-17,ATM_01,ATM_01_TechPark,Commercial / Tech Park,2500000,326400.0,125,2611.2,Thu,0,0,0,None
2020-09-17,ATM_02,ATM_02_ShoppingMall,Shopping Mall & Entertainment,3000000,431100.0,180,2395.0,Thu,0,0,0,None
2020-09-17,ATM_03,ATM_03_Residential,Residential Suburb,2000000,216000.0,73,2958.9,Thu,0,0,0,None
2020-09-17,ATM_04,ATM_04_TransitHub,Airport / Transit Terminal,3500000,589700.0,197,2993.4,Thu,0,0,0,None
2020-09-17,ATM_05,ATM_05_University,University Campus,1500000,142600.0,46,3100.0,Thu,0,0,0,None
2020-09-18,ATM_01,ATM_01_TechPark,Commercial / Tech Park,2500000,400200.0,121,3307.44,Fri,0,0,0,None
2020-09-18,ATM_02,ATM_02_ShoppingMall,Shopping Mall & Entertainment,3000000,480600.0,167,2877.84,Fri,0,0,0,None
2020-09-18,ATM_03,ATM_03_Residential,Residential Suburb,2000000,222600.0,77,2890.91,Fri,0,0,0,None
2020-09-18,ATM_04,ATM_04_TransitHub,Airport / Transit Terminal,3500000,641400.0,282,2274.47,Fri,0,0,0,None
2020-09-18,ATM_05,ATM_05_University,University Campus,1500000,163800.0,48,3412.5,Fri,0,0,0,None
2020-09-19,ATM_01,ATM_01_TechPark,Commercial / Tech Park,2500000,172000.0,73,2356.16,Sat,1,0,0,None
2020-09-19,ATM_02,ATM_02_ShoppingMall,Shopping Mall & Entertainment,3000000,618600.0,217,2850.69,Sat,1,0,0,None
2020-09-19,ATM_03,ATM_03_Residential,Residential Suburb,2000000,232900.0,67,3476.12,Sat,1,0,0,None
2020-09-19,ATM_04,ATM_04_TransitHub,Airport / Transit Terminal,3500000,565200.0,162,3488.89,Sat,1,0,0,None
2020-09-19,ATM_05,ATM_05_University,University Campus,1500000,107900.0,32,3371.88,Sat,1,0,0,None
2020-09-20,ATM_01,ATM_01_TechPark,Commercial / Tech Park,2500000,120700.0,41,2943.9,Sun,1,0,0,None
2020-09-20,ATM_02,ATM_02_ShoppingMall,Shopping Mall & Entertainment,3000000,540600.0,169,3198.82,Sun,1,0,0,None
2020-09-20,ATM_03,ATM_03_Residential,Residential Suburb,2000000,260300.0,75,3470.67,Sun,1,0,0,None
2020-09-20,ATM_04,ATM_04_TransitHub,Airport / Transit Terminal,3500000,633700.0,276,2296.01,Sun,1,0,0,None
2020-09-20,ATM_05,ATM_05_University,University Campus,1500000,72700.0,28,2596.43,Sun,1,0,0,None
2020-09-21,ATM_01,ATM_01_TechPark,Commercial / Tech Park,2500000,414600.0,128,3239.06,Mon,0,0,0,None
2020-09-21,ATM_02,ATM_02_ShoppingMall,Shopping Mall & Entertainment,3000000,293500.0,102,2877.45,Mon,0,0,0,None
2020-09-21,ATM_03,ATM_03_Residential,Residential Suburb,2000000,221300.0,80,2766.25,Mon,0,0,0,None
2020-09-21,ATM_04,ATM_04_TransitHub,Airport / Transit Terminal,3500000,528900.0,169,3129.59,Mon,0,0,0,None
2020-09-21,ATM_05,ATM_05_University,University Campus,1500000,186400.0,62,3006.45,Mon,0,0,0,None
2020-09-22,ATM_01,ATM_01_TechPark,Commercial / Tech Park,2500000,405100.0,158,2563.92,Tue,0,0,0,None
2020-09-22,ATM_02,ATM_02_ShoppingMall,Shopping Mall & Entertainment,3000000,296700.0,120,2472.5,Tue,0,0,0,None
2020-09-22,ATM_03,ATM_03_Residential,Residential Suburb,2000000,224700.0,69,3256.52,Tue,0,0,0,None
2020-09-22,ATM_04,ATM_04_TransitHub,Airport / Transit Terminal,3500000,473500.0,156,3035.26,Tue,0,0,0,None
2020-09-22,ATM_05,ATM_05_University,University Campus,1500000,159300.0,48,3318.75,Tue,0,0,0,None
2020-09-23,ATM_01,ATM_01_TechPark,Commercial / Tech Park,2500000,364100.0,117,3111.97,Wed,0,0,0,None
2020-09-23,ATM_02,ATM_02_ShoppingMall,Shopping Mall & Entertainment,3000000,318800.0,101,3156.44,Wed,0,0,0,None
2020-09-23,ATM_03,ATM_03_Residential,Residential Suburb,2000000,213200.0,92,2317.39,Wed,0,0,0,None
2020-09-23,ATM_04,ATM_04_TransitHub,Airport / Transit Terminal,3500000,507300.0,183,2772.13,Wed,0,0,0,None
2020-09-23,ATM_05,ATM_05_University,University Campus,1500000,136900.0,52,2632.69,Wed,0,0,0,None
2020-09-24,ATM_01,ATM_01_TechPark,Commercial / Tech Park,2500000,398600.0,125,3188.8,Thu,0,0,0,None
2020-09-24,ATM_02,ATM_02_ShoppingMall,Shopping Mall & Entertainment,3000000,367700.0,117,3142.74,Thu,0,0,0,None
2020-09-24,ATM_03,ATM_03_Residential,Residential Suburb,2000000,210800.0,67,3146.27,Thu,0,0,0,None
2020-09-24,ATM_04,ATM_04_TransitHub,Airport / Transit Terminal,3500000,649000.0,225,2884.44,Thu,0,0,0,None
2020-09-24,ATM_05,ATM_05_University,University Campus,1500000,193700.0,60,3228.33,Thu,0,0,0,None
2020-09-25,ATM_01,ATM_01_TechPark,Commercial / Tech Park,2500000,435300.0,184,2365.76,Fri,0,0,0,None
2020-09-25,ATM_02,ATM_02_ShoppingMall,Shopping Mall & Entertainment,3000000,474800.0,147,3229.93,Fri,0,0,0,None
2020-09-25,ATM_03,ATM_03_Residential,Residential Suburb,2000000,229600.0,71,3233.8,Fri,0,0,0,None
2020-09-25,ATM_04,ATM_04_TransitHub,Airport / Transit Terminal,3500000,803400.0,358,2244.13,Fri,0,0,0,None
2020-09-25,ATM_05,ATM_05_University,University Campus,1500000,182000.0,79,2303.8,Fri,0,0,0,None
2020-09-26,ATM_01,ATM_01_TechPark,Commercial / Tech Park,2500000,148700.0,47,3163.83,Sat,1,0,0,None
2020-09-26,ATM_02,ATM_02_ShoppingMall,Shopping Mall & Entertainment,3000000,618200.0,221,2797.29,Sat,1,0,0,None
2020-09-26,ATM_03,ATM_03_Residential,Residential Suburb,2000000,245800.0,92,2671.74,Sat,1,0,0,None
2020-09-26,ATM_04,ATM_04_TransitHub,Airport / Transit Terminal,3500000,521100.0,194,2686.08,Sat,1,0,0,None
2020-09-26,ATM_05,ATM_05_University,University Campus,1500000,103600.0,40,2590.0,Sat,1,0,0,None
2020-09-27,ATM_01,ATM_01_TechPark,Commercial / Tech Park,2500000,133300.0,42,3173.81,Sun,1,0,0,None
2020-09-27,ATM_02,ATM_02_ShoppingMall,Shopping Mall & Entertainment,3000000,649600.0,260,2498.46,Sun,1,0,0,None
2020-09-27,ATM_03,ATM_03_Residential,Residential Suburb,2000000,239800.0,72,3330.56,Sun,1,0,0,None
2020-09-27,ATM_04,ATM_04_TransitHub,Airport / Transit Terminal,3500000,631900.0,250,2527.6,Sun,1,0,0,None
2020-09-27,ATM_05,ATM_05_University,University Campus,1500000,67600.0,28,2414.29,Sun,1,0,0,None
2020-09-28,ATM_01,ATM_01_TechPark,Commercial / Tech Park,2500000,410000.0,120,3416.67,Mon,0,0,0,None
2020-09-28,ATM_02,ATM_02_ShoppingMall,Shopping Mall & Entertainment,3000000,314600.0,92,3419.57,Mon,0,0,0,None
2020-09-28,ATM_03,ATM_03_Residential,Residential Suburb,2000000,219300.0,69,3178.26,Mon,0,0,0,None
2020-09-28,ATM_04,ATM_04_TransitHub,Airport / Transit Terminal,3500000,535800.0,195,2747.69,Mon,0,0,0,None
2020-09-28,ATM_05,ATM_05_University,University Campus,1500000,176800.0,56,3157.14,Mon,0,0,0,None
2020-09-29,ATM_01,ATM_01_TechPark,Commercial / Tech Park,2500000,385200.0,143,2693.71,Tue,0,0,0,None
2020-09-29,ATM_02,ATM_02_ShoppingMall,Shopping Mall & Entertainment,3000000,323400.0,113,2861.95,Tue,0,0,0,None
2020-09-29,ATM_03,ATM_03_Residential,Residential Suburb,2000000,217500.0,67,3246.27,Tue,0,0,0,None
2020-09-29,ATM_04,ATM_04_TransitHub,Airport / Transit Terminal,3500000,513400.0,147,3492.52,Tue,0,0,0,None
2020-09-29,ATM_05,ATM_05_University,University Campus,1500000,168200.0,59,2850.85,Tue,0,0,0,None
2020-09-30,ATM_01,ATM_01_TechPark,Commercial / Tech Park,2500000,366200.0,142,2578.87,Wed,0,0,0,None
2020-09-30,ATM_02,ATM_02_ShoppingMall,Shopping Mall & Entertainment,3000000,347100.0,118,2941.53,Wed,0,0,0,None
2020-09-30,ATM_03,ATM_03_Residential,Residential Suburb,2000000,201800.0,91,2217.58,Wed,0,0,0,None
2020-09-30,ATM_04,ATM_04_TransitHub,Airport / Transit Terminal,3500000,551100.0,212,2599.53,Wed,0,0,0,None
2020-09-30,ATM_05,ATM_05_University,University Campus,1500000,172700.0,57,3029.82,Wed,0,0,0,None
2020-10-01,ATM_01,ATM_01_TechPark,Commercial / Tech Park,2500000,611100.0,215,2842.33,Thu,0,1,0,None
2020-10-01,ATM_02,ATM_02_ShoppingMall,Shopping Mall & Entertainment,3000000,460000.0,143,3216.78,Thu,0,1,0,None
2020-10-01,ATM_03,ATM_03_Residential,Residential Suburb,2000000,309000.0,96,3218.75,Thu,0,1,0,None
2020-10-01,ATM_04,ATM_04_TransitHub,Airport / Transit Terminal,3500000,811700.0,322,2520.81,Thu,0,1,0,None
2020-10-01,ATM_05,ATM_05_University,University Campus,1500000,251000.0,100,2510.0,Thu,0,1,0,None
2020-10-02,ATM_01,ATM_01_TechPark,Commercial / Tech Park,2500000,311200.0,117,2659.83,Fri,0,1,1,Mahatma Gandhi Jayanti
2020-10-02,ATM_02,ATM_02_ShoppingMall,Shopping Mall & Entertainment,3000000,1220500.0,355,3438.03,Fri,0,1,1,Mahatma Gandhi Jayanti
2020-10-02,ATM_03,ATM_03_Residential,Residential Suburb,2000000,312800.0,142,2202.82,Fri,0,1,1,Mahatma Gandhi Jayanti
2020-10-02,ATM_04,ATM_04_TransitHub,Airport / Transit Terminal,3500000,943800.0,300,3146.0,Fri,0,1,1,Mahatma Gandhi Jayanti
2020-10-02,ATM_05,ATM_05_University,University Campus,1500000,64200.0,27,2377.78,Fri,0,1,1,Mahatma Gandhi Jayanti
2020-10-03,ATM_01,ATM_01_TechPark,Commercial / Tech Park,2500000,263100.0,92,2859.78,Sat,1,1,0,None
2020-10-03,ATM_02,ATM_02_ShoppingMall,Shopping Mall & Entertainment,3000000,765400.0,336,2277.98,Sat,1,1,0,None
2020-10-03,ATM_03,ATM_03_Residential,Residential Suburb,2000000,370700.0,159,2331.45,Sat,1,1,0,None
2020-10-03,ATM_04,ATM_04_TransitHub,Airport / Transit Terminal,3500000,713200.0,209,3412.44,Sat,1,1,0,None
2020-10-03,ATM_05,ATM_05_University,University Campus,1500000,159100.0,51,3119.61,Sat,1,1,0,None
2020-10-04,ATM_01,ATM_01_TechPark,Commercial / Tech Park,2500000,204600.0,76,2692.11,Sun,1,1,0,None
2020-10-04,ATM_02,ATM_02_ShoppingMall,Shopping Mall & Entertainment,3000000,759500.0,326,2329.75,Sun,1,1,0,None
2020-10-04,ATM_03,ATM_03_Residential,Residential Suburb,2000000,331300.0,139,2383.45,Sun,1,1,0,None
2020-10-04,ATM_04,ATM_04_TransitHub,Airport / Transit Terminal,3500000,749500.0,255,2939.22,Sun,1,1,0,None
2020-10-04,ATM_05,ATM_05_University,University Campus,1500000,101200.0,36,2811.11,Sun,1,1,0,None
2020-10-05,ATM_01,ATM_01_TechPark,Commercial / Tech Park,2500000,755000.0,297,2542.09,Mon,0,1,0,None
2020-10-05,ATM_02,ATM_02_ShoppingMall,Shopping Mall & Entertainment,3000000,347200.0,133,2610.53,Mon,0,1,0,None
2020-10-05,ATM_03,ATM_03_Residential,Residential Suburb,2000000,326900.0,103,3173.79,Mon,0,1,0,None
2020-10-05,ATM_04,ATM_04_TransitHub,Airport / Transit Terminal,3500000,563800.0,215,2622.33,Mon,0,1,0,None
2020-10-05,ATM_05,ATM_05_University,University Campus,1500000,239300.0,97,2467.01,Mon,0,1,0,None
2020-10-06,ATM_01,ATM_01_TechPark,Commercial / Tech Park,2500000,402600.0,125,3220.8,Tue,0,0,0,None
2020-10-06,ATM_02,ATM_02_ShoppingMall,Shopping Mall & Entertainment,3000000,298100.0,123,2423.58,Tue,0,0,0,None
2020-10-06,ATM_03,ATM_03_Residential,Residential Suburb,2000000,209200.0,74,2827.03,Tue,0,0,0,None
2020-10-06,ATM_04,ATM_04_TransitHub,Airport / Transit Terminal,3500000,474600.0,137,3464.23,Tue,0,0,0,None
2020-10-06,ATM_05,ATM_05_University,University Campus,1500000,174500.0,70,2492.86,Tue,0,0,0,None
2020-10-07,ATM_01,ATM_01_TechPark,Commercial / Tech Park,2500000,364400.0,154,2366.23,Wed,0,0,0,None
2020-10-07,ATM_02,ATM_02_ShoppingMall,Shopping Mall & Entertainment,3000000,358000.0,148,2418.92,Wed,0,0,0,None
2020-10-07,ATM_03,ATM_03_Residential,Residential Suburb,2000000,203600.0,65,3132.31,Wed,0,0,0,None
2020-10-07,ATM_04,ATM_04_TransitHub,Airport / Transit Terminal,3500000,421300.0,187,2252.94,Wed,0,0,0,None
2020-10-07,ATM_05,ATM_05_University,University Campus,1500000,163400.0,70,2334.29,Wed,0,0,0,None
2020-10-08,ATM_01,ATM_01_TechPark,Commercial / Tech Park,2500000,366700.0,145,2528.97,Thu,0,0,0,None
2020-10-08,ATM_02,ATM_02_ShoppingMall,Shopping Mall & Entertainment,3000000,345300.0,112,3083.04,Thu,0,0,0,None
2020-10-08,ATM_03,ATM_03_Residential,Residential Suburb,2000000,232300.0,91,2552.75,Thu,0,0,0,None
2020-10-08,ATM_04,ATM_04_TransitHub,Airport / Transit Terminal,3500000,586200.0,215,2726.51,Thu,0,0,0,None
2020-10-08,ATM_05,ATM_05_University,University Campus,1500000,164300.0,58,2832.76,Thu,0,0,0,None
2020-10-09,ATM_01,ATM_01_TechPark,Commercial / Tech Park,2500000,443700.0,158,2808.23,Fri,0,0,0,None
2020-10-09,ATM_02,ATM_02_ShoppingMall,Shopping Mall & Entertainment,3000000,471700.0,145,3253.1,Fri,0,0,0,None
2020-10-09,ATM_03,ATM_03_Residential,Residential Suburb,2000000,237000.0,72,3291.67,Fri,0,0,0,None
2020-10-09,ATM_04,ATM_04_TransitHub,Airport / Transit Terminal,3500000,659900.0,189,3491.53,Fri,0,0,0,None
2020-10-09,ATM_05,ATM_05_University,University Campus,1500000,200000.0,74,2702.7,Fri,0,0,0,None
2020-10-10,ATM_01,ATM_01_TechPark,Commercial / Tech Park,2500000,177300.0,58,3056.9,Sat,1,0,0,None
2020-10-10,ATM_02,ATM_02_ShoppingMall,Shopping Mall & Entertainment,3000000,595300.0,234,2544.02,Sat,1,0,0,None
2020-10-10,ATM_03,ATM_03_Residential,Residential Suburb,2000000,235600.0,72,3272.22,Sat,1,0,0,None
2020-10-10,ATM_04,ATM_04_TransitHub,Airport / Transit Terminal,3500000,650700.0,192,3389.06,Sat,1,0,0,None
2020-10-10,ATM_05,ATM_05_University,University Campus,1500000,105200.0,37,2843.24,Sat,1,0,0,None
2020-10-11,ATM_01,ATM_01_TechPark,Commercial / Tech Park,2500000,139300.0,42,3316.67,Sun,1,0,0,None
2020-10-11,ATM_02,ATM_02_ShoppingMall,Shopping Mall & Entertainment,3000000,704500.0,267,2638.58,Sun,1,0,0,None
2020-10-11,ATM_03,ATM_03_Residential,Residential Suburb,2000000,262800.0,108,2433.33,Sun,1,0,0,None
2020-10-11,ATM_04,ATM_04_TransitHub,Airport / Transit Terminal,3500000,662700.0,224,2958.48,Sun,1,0,0,None
2020-10-11,ATM_05,ATM_05_University,University Campus,1500000,77800.0,34,2288.24,Sun,1,0,0,None
2020-10-12,ATM_01,ATM_01_TechPark,Commercial / Tech Park,2500000,379300.0,122,3109.02,Mon,0,0,0,None
2020-10-12,ATM_02,ATM_02_ShoppingMall,Shopping Mall & Entertainment,3000000,304200.0,124,2453.23,Mon,0,0,0,None
2020-10-12,ATM_03,ATM_03_Residential,Residential Suburb,2000000,244500.0,95,2573.68,Mon,0,0,0,None
2020-10-12,ATM_04,ATM_04_TransitHub,Airport / Transit Terminal,3500000,611000.0,203,3009.85,Mon,0,0,0,None
2020-10-12,ATM_05,ATM_05_University,University Campus,1500000,169400.0,67,2528.36,Mon,0,0,0,None
2020-10-13,ATM_01,ATM_01_TechPark,Commercial / Tech Park,2500000,382100.0,131,2916.79,Tue,0,0,0,None
2020-10-13,ATM_02,ATM_02_ShoppingMall,Shopping Mall & Entertainment,3000000,345500.0,151,2288.08,Tue,0,0,0,None
2020-10-13,ATM_03,ATM_03_Residential,Residential Suburb,2000000,212100.0,86,2466.28,Tue,0,0,0,None
2020-10-13,ATM_04,ATM_04_TransitHub,Airport / Transit Terminal,3500000,577500.0,172,3357.56,Tue,0,0,0,None
2020-10-13,ATM_05,ATM_05_University,University Campus,1500000,144000.0,44,3272.73,Tue,0,0,0,None
2020-10-14,ATM_01,ATM_01_TechPark,Commercial / Tech Park,2500000,366700.0,113,3245.13,Wed,0,0,0,None
2020-10-14,ATM_02,ATM_02_ShoppingMall,Shopping Mall & Entertainment,3000000,392400.0,147,2669.39,Wed,0,0,0,None
2020-10-14,ATM_03,ATM_03_Residential,Residential Suburb,2000000,211900.0,72,2943.06,Wed,0,0,0,None
2020-10-14,ATM_04,ATM_04_TransitHub,Airport / Transit Terminal,3500000,391700.0,137,2859.12,Wed,0,0,0,None
2020-10-14,ATM_05,ATM_05_University,University Campus,1500000,160300.0,59,2716.95,Wed,0,0,0,None
2020-10-15,ATM_01,ATM_01_TechPark,Commercial / Tech Park,2500000,403100.0,162,2488.27,Thu,0,0,0,None
2020-10-15,ATM_02,ATM_02_ShoppingMall,Shopping Mall & Entertainment,3000000,403200.0,119,3388.24,Thu,0,0,0,None
2020-10-15,ATM_03,ATM_03_Residential,Residential Suburb,2000000,221000.0,63,3507.94,Thu,0,0,0,None
2020-10-15,ATM_04,ATM_04_TransitHub,Airport / Transit Terminal,3500000,546800.0,189,2893.12,Thu,0,0,0,None
2020-10-15,ATM_05,ATM_05_University,University Campus,1500000,171000.0,49,3489.8,Thu,0,0,0,None
2020-10-16,ATM_01,ATM_01_TechPark,Commercial / Tech Park,2500000,304700.0,130,2343.85,Fri,0,0,0,None
2020-10-16,ATM_02,ATM_02_ShoppingMall,Shopping Mall & Entertainment,3000000,489100.0,149,3282.55,Fri,0,0,0,None
2020-10-16,ATM_03,ATM_03_Residential,Residential Suburb,2000000,226700.0,66,3434.85,Fri,0,0,0,None
2020-10-16,ATM_04,ATM_04_TransitHub,Airport / Transit Terminal,3500000,898200.0,361,2488.09,Fri,0,0,0,None
2020-10-16,ATM_05,ATM_05_University,University Campus,1500000,198500.0,60,3308.33,Fri,0,0,0,None
2020-10-17,ATM_01,ATM_01_TechPark,Commercial / Tech Park,2500000,163700.0,49,3340.82,Sat,1,0,0,None
2020-10-17,ATM_02,ATM_02_ShoppingMall,Shopping Mall & Entertainment,3000000,591100.0,179,3302.23,Sat,1,0,0,None
2020-10-17,ATM_03,ATM_03_Residential,Residential Suburb,2000000,260900.0,80,3261.25,Sat,1,0,0,None
2020-10-17,ATM_04,ATM_04_TransitHub,Airport / Transit Terminal,3500000,714700.0,230,3107.39,Sat,1,0,0,None
2020-10-17,ATM_05,ATM_05_University,University Campus,1500000,106900.0,34,3144.12,Sat,1,0,0,None
2020-10-18,ATM_01,ATM_01_TechPark,Commercial / Tech Park,2500000,123400.0,35,3525.71,Sun,1,0,0,None
2020-10-18,ATM_02,ATM_02_ShoppingMall,Shopping Mall & Entertainment,3000000,537700.0,219,2455.25,Sun,1,0,0,None
2020-10-18,ATM_03,ATM_03_Residential,Residential Suburb,2000000,240000.0,68,3529.41,Sun,1,0,0,None
2020-10-18,ATM_04,ATM_04_TransitHub,Airport / Transit Terminal,3500000,707300.0,271,2609.96,Sun,1,0,0,None
2020-10-18,ATM_05,ATM_05_University,University Campus,1500000,69600.0,24,2900.0,Sun,1,0,0,None
2020-10-19,ATM_01,ATM_01_TechPark,Commercial / Tech Park,2500000,429700.0,172,2498.26,Mon,0,0,0,None
2020-10-19,ATM_02,ATM_02_ShoppingMall,Shopping Mall & Entertainment,3000000,306800.0,106,2894.34,Mon,0,0,0,None
2020-10-19,ATM_03,ATM_03_Residential,Residential Suburb,2000000,267900.0,108,2480.56,Mon,0,0,0,None
2020-10-19,ATM_04,ATM_04_TransitHub,Airport / Transit Terminal,3500000,598700.0,252,2375.79,Mon,0,0,0,None
2020-10-19,ATM_05,ATM_05_University,University Campus,1500000,165300.0,50,3306.0,Mon,0,0,0,None
2020-10-20,ATM_01,ATM_01_TechPark,Commercial / Tech Park,2500000,323200.0,123,2627.64,Tue,0,0,0,None
2020-10-20,ATM_02,ATM_02_ShoppingMall,Shopping Mall & Entertainment,3000000,356500.0,105,3395.24,Tue,0,0,0,None
2020-10-20,ATM_03,ATM_03_Residential,Residential Suburb,2000000,216100.0,67,3225.37,Tue,0,0,0,None
2020-10-20,ATM_04,ATM_04_TransitHub,Airport / Transit Terminal,3500000,617600.0,179,3450.28,Tue,0,0,0,None
2020-10-20,ATM_05,ATM_05_University,University Campus,1500000,140800.0,52,2707.69,Tue,0,0,0,None
2020-10-21,ATM_01,ATM_01_TechPark,Commercial / Tech Park,2500000,402300.0,172,2338.95,Wed,0,0,0,None
2020-10-21,ATM_02,ATM_02_ShoppingMall,Shopping Mall & Entertainment,3000000,322800.0,124,2603.23,Wed,0,0,0,None
2020-10-21,ATM_03,ATM_03_Residential,Residential Suburb,2000000,218800.0,63,3473.02,Wed,0,0,0,None
2020-10-21,ATM_04,ATM_04_TransitHub,Airport / Transit Terminal,3500000,561400.0,173,3245.09,Wed,0,0,0,None
2020-10-21,ATM_05,ATM_05_University,University Campus,1500000,177500.0,73,2431.51,Wed,0,0,0,None
2020-10-22,ATM_01,ATM_01_TechPark,Commercial / Tech Park,2500000,381000.0,110,3463.64,Thu,0,0,0,None
2020-10-22,ATM_02,ATM_02_ShoppingMall,Shopping Mall & Entertainment,3000000,344400.0,106,3249.06,Thu,0,0,0,None
2020-10-22,ATM_03,ATM_03_Residential,Residential Suburb,2000000,192100.0,77,2494.81,Thu,0,0,0,None
2020-10-22,ATM_04,ATM_04_TransitHub,Airport / Transit Terminal,3500000,535200.0,205,2610.73,Thu,0,0,0,None
2020-10-22,ATM_05,ATM_05_University,University Campus,1500000,160200.0,51,3141.18,Thu,0,0,0,None
2020-10-23,ATM_01,ATM_01_TechPark,Commercial / Tech Park,2500000,485900.0,141,3446.1,Fri,0,0,0,None
2020-10-23,ATM_02,ATM_02_ShoppingMall,Shopping Mall & Entertainment,3000000,571800.0,166,3444.58,Fri,0,0,0,None
2020-10-23,ATM_03,ATM_03_Residential,Residential Suburb,2000000,201100.0,58,3467.24,Fri,0,0,0,None
2020-10-23,ATM_04,ATM_04_TransitHub,Airport / Transit Terminal,3500000,811700.0,362,2242.27,Fri,0,0,0,None
2020-10-23,ATM_05,ATM_05_University,University Campus,1500000,150900.0,43,3509.3,Fri,0,0,0,None
2020-10-24,ATM_01,ATM_01_TechPark,Commercial / Tech Park,2500000,143200.0,57,2512.28,Sat,1,0,0,None
2020-10-24,ATM_02,ATM_02_ShoppingMall,Shopping Mall & Entertainment,3000000,510500.0,214,2385.51,Sat,1,0,0,None
2020-10-24,ATM_03,ATM_03_Residential,Residential Suburb,2000000,238100.0,75,3174.67,Sat,1,0,0,None
2020-10-24,ATM_04,ATM_04_TransitHub,Airport / Transit Terminal,3500000,642200.0,265,2423.4,Sat,1,0,0,None
2020-10-24,ATM_05,ATM_05_University,University Campus,1500000,131900.0,39,3382.05,Sat,1,0,0,None
2020-10-25,ATM_01,ATM_01_TechPark,Commercial / Tech Park,2500000,55300.0,18,3072.22,Sun,1,0,1,Dussehra
2020-10-25,ATM_02,ATM_02_ShoppingMall,Shopping Mall & Entertainment,3000000,1191700.0,355,3356.9,Sun,1,0,1,Dussehra
2020-10-25,ATM_03,ATM_03_Residential,Residential Suburb,2000000,260500.0,103,2529.13,Sun,1,0,1,Dussehra
2020-10-25,ATM_04,ATM_04_TransitHub,Airport / Transit Terminal,3500000,960700.0,419,2292.84,Sun,1,0,1,Dussehra
2020-10-25,ATM_05,ATM_05_University,University Campus,1500000,22500.0,10,2250.0,Sun,1,0,1,Dussehra
2020-10-26,ATM_01,ATM_01_TechPark,Commercial / Tech Park,2500000,426100.0,157,2714.01,Mon,0,0,0,None
2020-10-26,ATM_02,ATM_02_ShoppingMall,Shopping Mall & Entertainment,3000000,287300.0,85,3380.0,Mon,0,0,0,None
2020-10-26,ATM_03,ATM_03_Residential,Residential Suburb,2000000,199500.0,70,2850.0,Mon,0,0,0,None
2020-10-26,ATM_04,ATM_04_TransitHub,Airport / Transit Terminal,3500000,533800.0,228,2341.23,Mon,0,0,0,None
2020-10-26,ATM_05,ATM_05_University,University Campus,1500000,186300.0,65,2866.15,Mon,0,0,0,None
2020-10-27,ATM_01,ATM_01_TechPark,Commercial / Tech Park,2500000,422600.0,136,3107.35,Tue,0,0,0,None
2020-10-27,ATM_02,ATM_02_ShoppingMall,Shopping Mall & Entertainment,3000000,281100.0,116,2423.28,Tue,0,0,0,None
2020-10-27,ATM_03,ATM_03_Residential,Residential Suburb,2000000,236400.0,91,2597.8,Tue,0,0,0,None
2020-10-27,ATM_04,ATM_04_TransitHub,Airport / Transit Terminal,3500000,601400.0,230,2614.78,Tue,0,0,0,None
2020-10-27,ATM_05,ATM_05_University,University Campus,1500000,170900.0,70,2441.43,Tue,0,0,0,None
2020-10-28,ATM_01,ATM_01_TechPark,Commercial / Tech Park,2500000,371400.0,138,2691.3,Wed,0,0,0,None
2020-10-28,ATM_02,ATM_02_ShoppingMall,Shopping Mall & Entertainment,3000000,330700.0,98,3374.49,Wed,0,0,0,None
2020-10-28,ATM_03,ATM_03_Residential,Residential Suburb,2000000,198200.0,85,2331.76,Wed,0,0,0,None
2020-10-28,ATM_04,ATM_04_TransitHub,Airport / Transit Terminal,3500000,460700.0,162,2843.83,Wed,0,0,0,None
2020-10-28,ATM_05,ATM_05_University,University Campus,1500000,147000.0,65,2261.54,Wed,0,0,0,None
2020-10-29,ATM_01,ATM_01_TechPark,Commercial / Tech Park,2500000,410600.0,122,3365.57,Thu,0,0,0,None
2020-10-29,ATM_02,ATM_02_ShoppingMall,Shopping Mall & Entertainment,3000000,367100.0,152,2415.13,Thu,0,0,0,None
2020-10-29,ATM_03,ATM_03_Residential,Residential Suburb,2000000,228300.0,93,2454.84,Thu,0,0,0,None
2020-10-29,ATM_04,ATM_04_TransitHub,Airport / Transit Terminal,3500000,600100.0,193,3109.33,Thu,0,0,0,None
2020-10-29,ATM_05,ATM_05_University,University Campus,1500000,161200.0,63,2558.73,Thu,0,0,0,None
2020-10-30,ATM_01,ATM_01_TechPark,Commercial / Tech Park,2500000,389700.0,151,2580.79,Fri,0,0,0,None
2020-10-30,ATM_02,ATM_02_ShoppingMall,Shopping Mall & Entertainment,3000000,514600.0,174,2957.47,Fri,0,0,0,None
2020-10-30,ATM_03,ATM_03_Residential,Residential Suburb,2000000,241500.0,73,3308.22,Fri,0,0,0,None
2020-10-30,ATM_04,ATM_04_TransitHub,Airport / Transit Terminal,3500000,696700.0,252,2764.68,Fri,0,0,0,None
2020-10-30,ATM_05,ATM_05_University,University Campus,1500000,193200.0,74,2610.81,Fri,0,0,0,None
2020-10-31,ATM_01,ATM_01_TechPark,Commercial / Tech Park,2500000,151700.0,61,2486.89,Sat,1,0,0,None
2020-10-31,ATM_02,ATM_02_ShoppingMall,Shopping Mall & Entertainment,3000000,576600.0,258,2234.88,Sat,1,0,0,None
2020-10-31,ATM_03,ATM_03_Residential,Residential Suburb,2000000,258800.0,112,2310.71,Sat,1,0,0,None
2020-10-31,ATM_04,ATM_04_TransitHub,Airport / Transit Terminal,3500000,682300.0,206,3312.14,Sat,1,0,0,None
2020-10-31,ATM_05,ATM_05_University,University Campus,1500000,101900.0,35,2911.43,Sat,1,0,0,None
2020-11-01,ATM_01,ATM_01_TechPark,Commercial / Tech Park,2500000,239900.0,78,3075.64,Sun,1,1,0,None
2020-11-01,ATM_02,ATM_02_ShoppingMall,Shopping Mall & Entertainment,3000000,827900.0,339,2442.18,Sun,1,1,0,None
2020-11-01,ATM_03,ATM_03_Residential,Residential Suburb,2000000,355600.0,106,3354.72,Sun,1,1,0,None
2020-11-01,ATM_04,ATM_04_TransitHub,Airport / Transit Terminal,3500000,687500.0,270,2546.3,Sun,1,1,0,None
2020-11-01,ATM_05,ATM_05_University,University Campus,1500000,115100.0,41,2807.32,Sun,1,1,0,None
2020-11-02,ATM_01,ATM_01_TechPark,Commercial / Tech Park,2500000,740300.0,324,2284.88,Mon,0,1,0,None
2020-11-02,ATM_02,ATM_02_ShoppingMall,Shopping Mall & Entertainment,3000000,390900.0,123,3178.05,Mon,0,1,0,None
2020-11-02,ATM_03,ATM_03_Residential,Residential Suburb,2000000,322200.0,121,2662.81,Mon,0,1,0,None
2020-11-02,ATM_04,ATM_04_TransitHub,Airport / Transit Terminal,3500000,672600.0,231,2911.69,Mon,0,1,0,None
2020-11-02,ATM_05,ATM_05_University,University Campus,1500000,276200.0,94,2938.3,Mon,0,1,0,None
2020-11-03,ATM_01,ATM_01_TechPark,Commercial / Tech Park,2500000,688000.0,208,3307.69,Tue,0,1,0,None
2020-11-03,ATM_02,ATM_02_ShoppingMall,Shopping Mall & Entertainment,3000000,403600.0,139,2903.6,Tue,0,1,0,None
2020-11-03,ATM_03,ATM_03_Residential,Residential Suburb,2000000,278500.0,83,3355.42,Tue,0,1,0,None
2020-11-03,ATM_04,ATM_04_TransitHub,Airport / Transit Terminal,3500000,483200.0,171,2825.73,Tue,0,1,0,None
2020-11-03,ATM_05,ATM_05_University,University Campus,1500000,243300.0,105,2317.14,Tue,0,1,0,None
2020-11-04,ATM_01,ATM_01_TechPark,Commercial / Tech Park,2500000,739500.0,259,2855.21,Wed,0,1,0,None
2020-11-04,ATM_02,ATM_02_ShoppingMall,Shopping Mall & Entertainment,3000000,373700.0,110,3397.27,Wed,0,1,0,None
2020-11-04,ATM_03,ATM_03_Residential,Residential Suburb,2000000,303700.0,101,3006.93,Wed,0,1,0,None
2020-11-04,ATM_04,ATM_04_TransitHub,Airport / Transit Terminal,3500000,519600.0,220,2361.82,Wed,0,1,0,None
2020-11-04,ATM_05,ATM_05_University,University Campus,1500000,226300.0,65,3481.54,Wed,0,1,0,None
2020-11-05,ATM_01,ATM_01_TechPark,Commercial / Tech Park,2500000,667500.0,192,3476.56,Thu,0,1,0,None
2020-11-05,ATM_02,ATM_02_ShoppingMall,Shopping Mall & Entertainment,3000000,468100.0,170,2753.53,Thu,0,1,0,None
2020-11-05,ATM_03,ATM_03_Residential,Residential Suburb,2000000,295900.0,84,3522.62,Thu,0,1,0,None
2020-11-05,ATM_04,ATM_04_TransitHub,Airport / Transit Terminal,3500000,417600.0,138,3026.09,Thu,0,1,0,None
2020-11-05,ATM_05,ATM_05_University,University Campus,1500000,265400.0,80,3317.5,Thu,0,1,0,None
2020-11-06,ATM_01,ATM_01_TechPark,Commercial / Tech Park,2500000,452100.0,133,3399.25,Fri,0,0,0,None
2020-11-06,ATM_02,ATM_02_ShoppingMall,Shopping Mall & Entertainment,3000000,639300.0,279,2291.4,Fri,0,0,0,None
2020-11-06,ATM_03,ATM_03_Residential,Residential Suburb,2000000,230800.0,87,2652.87,Fri,0,0,0,None
2020-11-06,ATM_04,ATM_04_TransitHub,Airport / Transit Terminal,3500000,720400.0,281,2563.7,Fri,0,0,0,None
2020-11-06,ATM_05,ATM_05_University,University Campus,1500000,151800.0,47,3229.79,Fri,0,0,0,None
2020-11-07,ATM_01,ATM_01_TechPark,Commercial / Tech Park,2500000,171200.0,56,3057.14,Sat,1,0,0,None
2020-11-07,ATM_02,ATM_02_ShoppingMall,Shopping Mall & Entertainment,3000000,596800.0,217,2750.23,Sat,1,0,0,None
2020-11-07,ATM_03,ATM_03_Residential,Residential Suburb,2000000,255900.0,106,2414.15,Sat,1,0,0,None
2020-11-07,ATM_04,ATM_04_TransitHub,Airport / Transit Terminal,3500000,530300.0,154,3443.51,Sat,1,0,0,None
2020-11-07,ATM_05,ATM_05_University,University Campus,1500000,99000.0,29,3413.79,Sat,1,0,0,None
2020-11-08,ATM_01,ATM_01_TechPark,Commercial / Tech Park,2500000,123400.0,47,2625.53,Sun,1,0,0,None
2020-11-08,ATM_02,ATM_02_ShoppingMall,Shopping Mall & Entertainment,3000000,614300.0,212,2897.64,Sun,1,0,0,None
2020-11-08,ATM_03,ATM_03_Residential,Residential Suburb,2000000,244900.0,90,2721.11,Sun,1,0,0,None
2020-11-08,ATM_04,ATM_04_TransitHub,Airport / Transit Terminal,3500000,724900.0,256,2831.64,Sun,1,0,0,None
2020-11-08,ATM_05,ATM_05_University,University Campus,1500000,75400.0,29,2600.0,Sun,1,0,0,None
2020-11-09,ATM_01,ATM_01_TechPark,Commercial / Tech Park,2500000,414000.0,173,2393.06,Mon,0,0,0,None
2020-11-09,ATM_02,ATM_02_ShoppingMall,Shopping Mall & Entertainment,3000000,266600.0,118,2259.32,Mon,0,0,0,None
2020-11-09,ATM_03,ATM_03_Residential,Residential Suburb,2000000,228000.0,67,3402.99,Mon,0,0,0,None
2020-11-09,ATM_04,ATM_04_TransitHub,Airport / Transit Terminal,3500000,586500.0,185,3170.27,Mon,0,0,0,None
2020-11-09,ATM_05,ATM_05_University,University Campus,1500000,187000.0,55,3400.0,Mon,0,0,0,None
2020-11-10,ATM_01,ATM_01_TechPark,Commercial / Tech Park,2500000,406900.0,124,3281.45,Tue,0,0,0,None
2020-11-10,ATM_02,ATM_02_ShoppingMall,Shopping Mall & Entertainment,3000000,319000.0,122,2614.75,Tue,0,0,0,None
2020-11-10,ATM_03,ATM_03_Residential,Residential Suburb,2000000,216200.0,69,3133.33,Tue,0,0,0,None
2020-11-10,ATM_04,ATM_04_TransitHub,Airport / Transit Terminal,3500000,633900.0,272,2330.51,Tue,0,0,0,None
2020-11-10,ATM_05,ATM_05_University,University Campus,1500000,174700.0,50,3494.0,Tue,0,0,0,None
2020-11-11,ATM_01,ATM_01_TechPark,Commercial / Tech Park,2500000,371500.0,133,2793.23,Wed,0,0,0,None
2020-11-11,ATM_02,ATM_02_ShoppingMall,Shopping Mall & Entertainment,3000000,355700.0,129,2757.36,Wed,0,0,0,None
2020-11-11,ATM_03,ATM_03_Residential,Residential Suburb,2000000,209900.0,69,3042.03,Wed,0,0,0,None
2020-11-11,ATM_04,ATM_04_TransitHub,Airport / Transit Terminal,3500000,563600.0,172,3276.74,Wed,0,0,0,None
2020-11-11,ATM_05,ATM_05_University,University Campus,1500000,170800.0,53,3222.64,Wed,0,0,0,None
2020-11-12,ATM_01,ATM_01_TechPark,Commercial / Tech Park,2500000,405800.0,124,3272.58,Thu,0,0,0,None
2020-11-12,ATM_02,ATM_02_ShoppingMall,Shopping Mall & Entertainment,3000000,306700.0,106,2893.4,Thu,0,0,0,None
2020-11-12,ATM_03,ATM_03_Residential,Residential Suburb,2000000,232500.0,81,2870.37,Thu,0,0,0,None
2020-11-12,ATM_04,ATM_04_TransitHub,Airport / Transit Terminal,3500000,636700.0,267,2384.64,Thu,0,0,0,None
2020-11-12,ATM_05,ATM_05_University,University Campus,1500000,187900.0,83,2263.86,Thu,0,0,0,None
2020-11-13,ATM_01,ATM_01_TechPark,Commercial / Tech Park,2500000,396500.0,161,2462.73,Fri,0,0,0,None
2020-11-13,ATM_02,ATM_02_ShoppingMall,Shopping Mall & Entertainment,3000000,575000.0,227,2533.04,Fri,0,0,0,None
2020-11-13,ATM_03,ATM_03_Residential,Residential Suburb,2000000,218400.0,78,2800.0,Fri,0,0,0,None
2020-11-13,ATM_04,ATM_04_TransitHub,Airport / Transit Terminal,3500000,778700.0,304,2561.51,Fri,0,0,0,None
2020-11-13,ATM_05,ATM_05_University,University Campus,1500000,171900.0,52,3305.77,Fri,0,0,0,None
2020-11-14,ATM_01,ATM_01_TechPark,Commercial / Tech Park,2500000,58300.0,24,2429.17,Sat,1,0,1,Diwali
2020-11-14,ATM_02,ATM_02_ShoppingMall,Shopping Mall & Entertainment,3000000,1194800.0,533,2241.65,Sat,1,0,1,Diwali
2020-11-14,ATM_03,ATM_03_Residential,Residential Suburb,2000000,268600.0,110,2441.82,Sat,1,0,1,Diwali
2020-11-14,ATM_04,ATM_04_TransitHub,Airport / Transit Terminal,3500000,1038300.0,311,3338.59,Sat,1,0,1,Diwali
2020-11-14,ATM_05,ATM_05_University,University Campus,1500000,30000.0,12,2500.0,Sat,1,0,1,Diwali
2020-11-15,ATM_01,ATM_01_TechPark,Commercial / Tech Park,2500000,123100.0,36,3419.44,Sun,1,0,0,None
2020-11-15,ATM_02,ATM_02_ShoppingMall,Shopping Mall & Entertainment,3000000,625900.0,243,2575.72,Sun,1,0,0,None
2020-11-15,ATM_03,ATM_03_Residential,Residential Suburb,2000000,230800.0,85,2715.29,Sun,1,0,0,None
2020-11-15,ATM_04,ATM_04_TransitHub,Airport / Transit Terminal,3500000,712300.0,206,3457.77,Sun,1,0,0,None
2020-11-15,ATM_05,ATM_05_University,University Campus,1500000,84700.0,25,3388.0,Sun,1,0,0,None
2020-11-16,ATM_01,ATM_01_TechPark,Commercial / Tech Park,2500000,156100.0,61,2559.02,Mon,0,0,1,Bhai Dooj
2020-11-16,ATM_02,ATM_02_ShoppingMall,Shopping Mall & Entertainment,3000000,480200.0,175,2744.0,Mon,0,0,1,Bhai Dooj
2020-11-16,ATM_03,ATM_03_Residential,Residential Suburb,2000000,294500.0,92,3201.09,Mon,0,0,1,Bhai Dooj
2020-11-16,ATM_04,ATM_04_TransitHub,Airport / Transit Terminal,3500000,914000.0,413,2213.08,Mon,0,0,1,Bhai Dooj
2020-11-16,ATM_05,ATM_05_University,University Campus,1500000,59000.0,19,3105.26,Mon,0,0,1,Bhai Dooj
2020-11-17,ATM_01,ATM_01_TechPark,Commercial / Tech Park,2500000,378000.0,170,2223.53,Tue,0,0,0,None
2020-11-17,ATM_02,ATM_02_ShoppingMall,Shopping Mall & Entertainment,3000000,322700.0,124,2602.42,Tue,0,0,0,None
2020-11-17,ATM_03,ATM_03_Residential,Residential Suburb,2000000,243400.0,70,3477.14,Tue,0,0,0,None
2020-11-17,ATM_04,ATM_04_TransitHub,Airport / Transit Terminal,3500000,514600.0,191,2694.24,Tue,0,0,0,None
2020-11-17,ATM_05,ATM_05_University,University Campus,1500000,157000.0,59,2661.02,Tue,0,0,0,None
2020-11-18,ATM_01,ATM_01_TechPark,Commercial / Tech Park,2500000,383900.0,124,3095.97,Wed,0,0,0,None
2020-11-18,ATM_02,ATM_02_ShoppingMall,Shopping Mall & Entertainment,3000000,382400.0,116,3296.55,Wed,0,0,0,None
2020-11-18,ATM_03,ATM_03_Residential,Residential Suburb,2000000,214700.0,74,2901.35,Wed,0,0,0,None
2020-11-18,ATM_04,ATM_04_TransitHub,Airport / Transit Terminal,3500000,565900.0,184,3075.54,Wed,0,0,0,None
2020-11-18,ATM_05,ATM_05_University,University Campus,1500000,169600.0,55,3083.64,Wed,0,0,0,None
2020-11-19,ATM_01,ATM_01_TechPark,Commercial / Tech Park,2500000,376800.0,125,3014.4,Thu,0,0,0,None
2020-11-19,ATM_02,ATM_02_ShoppingMall,Shopping Mall & Entertainment,3000000,378900.0,165,2296.36,Thu,0,0,0,None
2020-11-19,ATM_03,ATM_03_Residential,Residential Suburb,2000000,232800.0,66,3527.27,Thu,0,0,0,None
2020-11-19,ATM_04,ATM_04_TransitHub,Airport / Transit Terminal,3500000,498000.0,196,2540.82,Thu,0,0,0,None
2020-11-19,ATM_05,ATM_05_University,University Campus,1500000,146100.0,46,3176.09,Thu,0,0,0,None
2020-11-20,ATM_01,ATM_01_TechPark,Commercial / Tech Park,2500000,481900.0,201,2397.51,Fri,0,0,0,None
2020-11-20,ATM_02,ATM_02_ShoppingMall,Shopping Mall & Entertainment,3000000,498500.0,156,3195.51,Fri,0,0,0,None
2020-11-20,ATM_03,ATM_03_Residential,Residential Suburb,2000000,264200.0,81,3261.73,Fri,0,0,0,None
2020-11-20,ATM_04,ATM_04_TransitHub,Airport / Transit Terminal,3500000,585000.0,196,2984.69,Fri,0,0,0,None
2020-11-20,ATM_05,ATM_05_University,University Campus,1500000,171600.0,54,3177.78,Fri,0,0,0,None
2020-11-21,ATM_01,ATM_01_TechPark,Commercial / Tech Park,2500000,148000.0,48,3083.33,Sat,1,0,0,None
2020-11-21,ATM_02,ATM_02_ShoppingMall,Shopping Mall & Entertainment,3000000,719900.0,262,2747.71,Sat,1,0,0,None
2020-11-21,ATM_03,ATM_03_Residential,Residential Suburb,2000000,259000.0,95,2726.32,Sat,1,0,0,None
2020-11-21,ATM_04,ATM_04_TransitHub,Airport / Transit Terminal,3500000,761200.0,258,2950.39,Sat,1,0,0,None
2020-11-21,ATM_05,ATM_05_University,University Campus,1500000,111300.0,45,2473.33,Sat,1,0,0,None
2020-11-22,ATM_01,ATM_01_TechPark,Commercial / Tech Park,2500000,127200.0,43,2958.14,Sun,1,0,0,None
2020-11-22,ATM_02,ATM_02_ShoppingMall,Shopping Mall & Entertainment,3000000,583700.0,181,3224.86,Sun,1,0,0,None
2020-11-22,ATM_03,ATM_03_Residential,Residential Suburb,2000000,273600.0,95,2880.0,Sun,1,0,0,None
2020-11-22,ATM_04,ATM_04_TransitHub,Airport / Transit Terminal,3500000,594500.0,180,3302.78,Sun,1,0,0,None
2020-11-22,ATM_05,ATM_05_University,University Campus,1500000,84800.0,34,2494.12,Sun,1,0,0,None
2020-11-23,ATM_01,ATM_01_TechPark,Commercial / Tech Park,2500000,363400.0,156,2329.49,Mon,0,0,0,None
2020-11-23,ATM_02,ATM_02_ShoppingMall,Shopping Mall & Entertainment,3000000,320200.0,98,3267.35,Mon,0,0,0,None
2020-11-23,ATM_03,ATM_03_Residential,Residential Suburb,2000000,251200.0,78,3220.51,Mon,0,0,0,None
2020-11-23,ATM_04,ATM_04_TransitHub,Airport / Transit Terminal,3500000,660900.0,250,2643.6,Mon,0,0,0,None
2020-11-23,ATM_05,ATM_05_University,University Campus,1500000,199500.0,86,2319.77,Mon,0,0,0,None
2020-11-24,ATM_01,ATM_01_TechPark,Commercial / Tech Park,2500000,370600.0,142,2609.86,Tue,0,0,0,None
2020-11-24,ATM_02,ATM_02_ShoppingMall,Shopping Mall & Entertainment,3000000,366400.0,113,3242.48,Tue,0,0,0,None
2020-11-24,ATM_03,ATM_03_Residential,Residential Suburb,2000000,215000.0,83,2590.36,Tue,0,0,0,None
2020-11-24,ATM_04,ATM_04_TransitHub,Airport / Transit Terminal,3500000,605100.0,182,3324.73,Tue,0,0,0,None
2020-11-24,ATM_05,ATM_05_University,University Campus,1500000,139700.0,47,2972.34,Tue,0,0,0,None
2020-11-25,ATM_01,ATM_01_TechPark,Commercial / Tech Park,2500000,396500.0,115,3447.83,Wed,0,0,0,None
2020-11-25,ATM_02,ATM_02_ShoppingMall,Shopping Mall & Entertainment,3000000,409700.0,143,2865.03,Wed,0,0,0,None
2020-11-25,ATM_03,ATM_03_Residential,Residential Suburb,2000000,232000.0,69,3362.32,Wed,0,0,0,None
2020-11-25,ATM_04,ATM_04_TransitHub,Airport / Transit Terminal,3500000,507800.0,223,2277.13,Wed,0,0,0,None
2020-11-25,ATM_05,ATM_05_University,University Campus,1500000,170500.0,51,3343.14,Wed,0,0,0,None
2020-11-26,ATM_01,ATM_01_TechPark,Commercial / Tech Park,2500000,417600.0,152,2747.37,Thu,0,0,0,None
2020-11-26,ATM_02,ATM_02_ShoppingMall,Shopping Mall & Entertainment,3000000,404800.0,137,2954.74,Thu,0,0,0,None
2020-11-26,ATM_03,ATM_03_Residential,Residential Suburb,2000000,239600.0,91,2632.97,Thu,0,0,0,None
2020-11-26,ATM_04,ATM_04_TransitHub,Airport / Transit Terminal,3500000,544700.0,174,3130.46,Thu,0,0,0,None
2020-11-26,ATM_05,ATM_05_University,University Campus,1500000,173100.0,57,3036.84,Thu,0,0,0,None
2020-11-27,ATM_01,ATM_01_TechPark,Commercial / Tech Park,2500000,417000.0,171,2438.6,Fri,0,0,0,None
2020-11-27,ATM_02,ATM_02_ShoppingMall,Shopping Mall & Entertainment,3000000,523900.0,205,2555.61,Fri,0,0,0,None
2020-11-27,ATM_03,ATM_03_Residential,Residential Suburb,2000000,242300.0,75,3230.67,Fri,0,0,0,None
2020-11-27,ATM_04,ATM_04_TransitHub,Airport / Transit Terminal,3500000,739200.0,260,2843.08,Fri,0,0,0,None
2020-11-27,ATM_05,ATM_05_University,University Campus,1500000,210200.0,65,3233.85,Fri,0,0,0,None
2020-11-28,ATM_01,ATM_01_TechPark,Commercial / Tech Park,2500000,180700.0,59,3062.71,Sat,1,0,0,None
2020-11-28,ATM_02,ATM_02_ShoppingMall,Shopping Mall & Entertainment,3000000,718000.0,263,2730.04,Sat,1,0,0,None
2020-11-28,ATM_03,ATM_03_Residential,Residential Suburb,2000000,274600.0,122,2250.82,Sat,1,0,0,None
2020-11-28,ATM_04,ATM_04_TransitHub,Airport / Transit Terminal,3500000,627900.0,255,2462.35,Sat,1,0,0,None
2020-11-28,ATM_05,ATM_05_University,University Campus,1500000,107000.0,40,2675.0,Sat,1,0,0,None
2020-11-29,ATM_01,ATM_01_TechPark,Commercial / Tech Park,2500000,129700.0,39,3325.64,Sun,1,0,0,None
2020-11-29,ATM_02,ATM_02_ShoppingMall,Shopping Mall & Entertainment,3000000,663500.0,220,3015.91,Sun,1,0,0,None
2020-11-29,ATM_03,ATM_03_Residential,Residential Suburb,2000000,276500.0,109,2536.7,Sun,1,0,0,None
2020-11-29,ATM_04,ATM_04_TransitHub,Airport / Transit Terminal,3500000,635900.0,268,2372.76,Sun,1,0,0,None
2020-11-29,ATM_05,ATM_05_University,University Campus,1500000,71300.0,26,2742.31,Sun,1,0,0,None
2020-11-30,ATM_01,ATM_01_TechPark,Commercial / Tech Park,2500000,162000.0,49,3306.12,Mon,0,0,1,Guru Nanak Jayanti
2020-11-30,ATM_02,ATM_02_ShoppingMall,Shopping Mall & Entertainment,3000000,530500.0,205,2587.8,Mon,0,0,1,Guru Nanak Jayanti
2020-11-30,ATM_03,ATM_03_Residential,Residential Suburb,2000000,261300.0,87,3003.45,Mon,0,0,1,Guru Nanak Jayanti
2020-11-30,ATM_04,ATM_04_TransitHub,Airport / Transit Terminal,3500000,1061500.0,402,2640.55,Mon,0,0,1,Guru Nanak Jayanti
2020-11-30,ATM_05,ATM_05_University,University Campus,1500000,65400.0,24,2725.0,Mon,0,0,1,Guru Nanak Jayanti
2020-12-01,ATM_01,ATM_01_TechPark,Commercial / Tech Park,2500000,601900.0,178,3381.46,Tue,0,1,0,None
2020-12-01,ATM_02,ATM_02_ShoppingMall,Shopping Mall & Entertainment,3000000,383400.0,111,3454.05,Tue,0,1,0,None
2020-12-01,ATM_03,ATM_03_Residential,Residential Suburb,2000000,314300.0,92,3416.3,Tue,0,1,0,None
2020-12-01,ATM_04,ATM_04_TransitHub,Airport / Transit Terminal,3500000,614400.0,195,3150.77,Tue,0,1,0,None
2020-12-01,ATM_05,ATM_05_University,University Campus,1500000,253300.0,106,2389.62,Tue,0,1,0,None
2020-12-02,ATM_01,ATM_01_TechPark,Commercial / Tech Park,2500000,685100.0,283,2420.85,Wed,0,1,0,None
2020-12-02,ATM_02,ATM_02_ShoppingMall,Shopping Mall & Entertainment,3000000,368500.0,137,2689.78,Wed,0,1,0,None
2020-12-02,ATM_03,ATM_03_Residential,Residential Suburb,2000000,302300.0,90,3358.89,Wed,0,1,0,None
2020-12-02,ATM_04,ATM_04_TransitHub,Airport / Transit Terminal,3500000,630900.0,249,2533.73,Wed,0,1,0,None
2020-12-02,ATM_05,ATM_05_University,University Campus,1500000,226800.0,64,3543.75,Wed,0,1,0,None
2020-12-03,ATM_01,ATM_01_TechPark,Commercial / Tech Park,2500000,721700.0,235,3071.06,Thu,0,1,0,None
2020-12-03,ATM_02,ATM_02_ShoppingMall,Shopping Mall & Entertainment,3000000,469600.0,151,3109.93,Thu,0,1,0,None
2020-12-03,ATM_03,ATM_03_Residential,Residential Suburb,2000000,311900.0,113,2760.18,Thu,0,1,0,None
2020-12-03,ATM_04,ATM_04_TransitHub,Airport / Transit Terminal,3500000,618200.0,219,2822.83,Thu,0,1,0,None
2020-12-03,ATM_05,ATM_05_University,University Campus,1500000,263400.0,109,2416.51,Thu,0,1,0,None
2020-12-04,ATM_01,ATM_01_TechPark,Commercial / Tech Park,2500000,793500.0,306,2593.14,Fri,0,1,0,None
2020-12-04,ATM_02,ATM_02_ShoppingMall,Shopping Mall & Entertainment,3000000,563800.0,184,3064.13,Fri,0,1,0,None
2020-12-04,ATM_03,ATM_03_Residential,Residential Suburb,2000000,329200.0,110,2992.73,Fri,0,1,0,None
2020-12-04,ATM_04,ATM_04_TransitHub,Airport / Transit Terminal,3500000,729800.0,306,2384.97,Fri,0,1,0,None
2020-12-04,ATM_05,ATM_05_University,University Campus,1500000,272200.0,86,3165.12,Fri,0,1,0,None
2020-12-05,ATM_01,ATM_01_TechPark,Commercial / Tech Park,2500000,287300.0,122,2354.92,Sat,1,1,0,None
2020-12-05,ATM_02,ATM_02_ShoppingMall,Shopping Mall & Entertainment,3000000,855000.0,347,2463.98,Sat,1,1,0,None
2020-12-05,ATM_03,ATM_03_Residential,Residential Suburb,2000000,366900.0,149,2462.42,Sat,1,1,0,None
2020-12-05,ATM_04,ATM_04_TransitHub,Airport / Transit Terminal,3500000,752300.0,305,2466.56,Sat,1,1,0,None
2020-12-05,ATM_05,ATM_05_University,University Campus,1500000,172600.0,55,3138.18,Sat,1,1,0,None
2020-12-06,ATM_01,ATM_01_TechPark,Commercial / Tech Park,2500000,131200.0,46,2852.17,Sun,1,0,0,None
2020-12-06,ATM_02,ATM_02_ShoppingMall,Shopping Mall & Entertainment,3000000,664000.0,268,2477.61,Sun,1,0,0,None
2020-12-06,ATM_03,ATM_03_Residential,Residential Suburb,2000000,275000.0,124,2217.74,Sun,1,0,0,None
2020-12-06,ATM_04,ATM_04_TransitHub,Airport / Transit Terminal,3500000,649700.0,211,3079.15,Sun,1,0,0,None
2020-12-06,ATM_05,ATM_05_University,University Campus,1500000,90700.0,29,3127.59,Sun,1,0,0,None
2020-12-07,ATM_01,ATM_01_TechPark,Commercial / Tech Park,2500000,397600.0,166,2395.18,Mon,0,0,0,None
2020-12-07,ATM_02,ATM_02_ShoppingMall,Shopping Mall & Entertainment,3000000,344500.0,109,3160.55,Mon,0,0,0,None
2020-12-07,ATM_03,ATM_03_Residential,Residential Suburb,2000000,259900.0,111,2341.44,Mon,0,0,0,None
2020-12-07,ATM_04,ATM_04_TransitHub,Airport / Transit Terminal,3500000,631600.0,181,3489.5,Mon,0,0,0,None
2020-12-07,ATM_05,ATM_05_University,University Campus,1500000,194700.0,75,2596.0,Mon,0,0,0,None
2020-12-08,ATM_01,ATM_01_TechPark,Commercial / Tech Park,2500000,400400.0,164,2441.46,Tue,0,0,0,None
2020-12-08,ATM_02,ATM_02_ShoppingMall,Shopping Mall & Entertainment,3000000,337200.0,149,2263.09,Tue,0,0,0,None
2020-12-08,ATM_03,ATM_03_Residential,Residential Suburb,2000000,220300.0,84,2622.62,Tue,0,0,0,None
2020-12-08,ATM_04,ATM_04_TransitHub,Airport / Transit Terminal,3500000,696500.0,220,3165.91,Tue,0,0,0,None
2020-12-08,ATM_05,ATM_05_University,University Campus,1500000,196800.0,87,2262.07,Tue,0,0,0,None
2020-12-09,ATM_01,ATM_01_TechPark,Commercial / Tech Park,2500000,426500.0,128,3332.03,Wed,0,0,0,None
2020-12-09,ATM_02,ATM_02_ShoppingMall,Shopping Mall & Entertainment,3000000,343500.0,128,2683.59,Wed,0,0,0,None
2020-12-09,ATM_03,ATM_03_Residential,Residential Suburb,2000000,219500.0,79,2778.48,Wed,0,0,0,None
2020-12-09,ATM_04,ATM_04_TransitHub,Airport / Transit Terminal,3500000,464500.0,200,2322.5,Wed,0,0,0,None
2020-12-09,ATM_05,ATM_05_University,University Campus,1500000,145600.0,44,3309.09,Wed,0,0,0,None
2020-12-10,ATM_01,ATM_01_TechPark,Commercial / Tech Park,2500000,429300.0,124,3462.1,Thu,0,0,0,None
2020-12-10,ATM_02,ATM_02_ShoppingMall,Shopping Mall & Entertainment,3000000,433200.0,169,2563.31,Thu,0,0,0,None
2020-12-10,ATM_03,ATM_03_Residential,Residential Suburb,2000000,213200.0,65,3280.0,Thu,0,0,0,None
2020-12-10,ATM_04,ATM_04_TransitHub,Airport / Transit Terminal,3500000,698500.0,229,3050.22,Thu,0,0,0,None
2020-12-10,ATM_05,ATM_05_University,University Campus,1500000,177200.0,57,3108.77,Thu,0,0,0,None
2020-12-11,ATM_01,ATM_01_TechPark,Commercial / Tech Park,2500000,454600.0,199,2284.42,Fri,0,0,0,None
2020-12-11,ATM_02,ATM_02_ShoppingMall,Shopping Mall & Entertainment,3000000,572800.0,208,2753.85,Fri,0,0,0,None
2020-12-11,ATM_03,ATM_03_Residential,Residential Suburb,2000000,247400.0,83,2980.72,Fri,0,0,0,None
2020-12-11,ATM_04,ATM_04_TransitHub,Airport / Transit Terminal,3500000,732300.0,300,2441.0,Fri,0,0,0,None
2020-12-11,ATM_05,ATM_05_University,University Campus,1500000,166400.0,61,2727.87,Fri,0,0,0,None
2020-12-12,ATM_01,ATM_01_TechPark,Commercial / Tech Park,2500000,168000.0,54,3111.11,Sat,1,0,0,None
2020-12-12,ATM_02,ATM_02_ShoppingMall,Shopping Mall & Entertainment,3000000,702100.0,213,3296.24,Sat,1,0,0,None
2020-12-12,ATM_03,ATM_03_Residential,Residential Suburb,2000000,275700.0,81,3403.7,Sat,1,0,0,None
2020-12-12,ATM_04,ATM_04_TransitHub,Airport / Transit Terminal,3500000,656400.0,279,2352.69,Sat,1,0,0,None
2020-12-12,ATM_05,ATM_05_University,University Campus,1500000,108800.0,42,2590.48,Sat,1,0,0,None
2020-12-13,ATM_01,ATM_01_TechPark,Commercial / Tech Park,2500000,134000.0,51,2627.45,Sun,1,0,0,None
2020-12-13,ATM_02,ATM_02_ShoppingMall,Shopping Mall & Entertainment,3000000,620200.0,193,3213.47,Sun,1,0,0,None
2020-12-13,ATM_03,ATM_03_Residential,Residential Suburb,2000000,239900.0,81,2961.73,Sun,1,0,0,None
2020-12-13,ATM_04,ATM_04_TransitHub,Airport / Transit Terminal,3500000,473800.0,154,3076.62,Sun,1,0,0,None
2020-12-13,ATM_05,ATM_05_University,University Campus,1500000,71700.0,27,2655.56,Sun,1,0,0,None
2020-12-14,ATM_01,ATM_01_TechPark,Commercial / Tech Park,2500000,381400.0,164,2325.61,Mon,0,0,0,None
2020-12-14,ATM_02,ATM_02_ShoppingMall,Shopping Mall & Entertainment,3000000,306400.0,100,3064.0,Mon,0,0,0,None
2020-12-14,ATM_03,ATM_03_Residential,Residential Suburb,2000000,250900.0,81,3097.53,Mon,0,0,0,None
2020-12-14,ATM_04,ATM_04_TransitHub,Airport / Transit Terminal,3500000,705000.0,261,2701.15,Mon,0,0,0,None
2020-12-14,ATM_05,ATM_05_University,University Campus,1500000,194300.0,55,3532.73,Mon,0,0,0,None
2020-12-15,ATM_01,ATM_01_TechPark,Commercial / Tech Park,2500000,380000.0,167,2275.45,Tue,0,0,0,None
2020-12-15,ATM_02,ATM_02_ShoppingMall,Shopping Mall & Entertainment,3000000,322300.0,97,3322.68,Tue,0,0,0,None
2020-12-15,ATM_03,ATM_03_Residential,Residential Suburb,2000000,220700.0,66,3343.94,Tue,0,0,0,None
2020-12-15,ATM_04,ATM_04_TransitHub,Airport / Transit Terminal,3500000,595900.0,209,2851.2,Tue,0,0,0,None
2020-12-15,ATM_05,ATM_05_University,University Campus,1500000,170600.0,67,2546.27,Tue,0,0,0,None
2020-12-16,ATM_01,ATM_01_TechPark,Commercial / Tech Park,2500000,407300.0,163,2498.77,Wed,0,0,0,None
2020-12-16,ATM_02,ATM_02_ShoppingMall,Shopping Mall & Entertainment,3000000,353300.0,116,3045.69,Wed,0,0,0,None
2020-12-16,ATM_03,ATM_03_Residential,Residential Suburb,2000000,218800.0,78,2805.13,Wed,0,0,0,None
2020-12-16,ATM_04,ATM_04_TransitHub,Airport / Transit Terminal,3500000,594300.0,183,3247.54,Wed,0,0,0,None
2020-12-16,ATM_05,ATM_05_University,University Campus,1500000,139200.0,50,2784.0,Wed,0,0,0,None
2020-12-17,ATM_01,ATM_01_TechPark,Commercial / Tech Park,2500000,437300.0,185,2363.78,Thu,0,0,0,None
2020-12-17,ATM_02,ATM_02_ShoppingMall,Shopping Mall & Entertainment,3000000,339500.0,145,2341.38,Thu,0,0,0,None
2020-12-17,ATM_03,ATM_03_Residential,Residential Suburb,2000000,234600.0,85,2760.0,Thu,0,0,0,None
2020-12-17,ATM_04,ATM_04_TransitHub,Airport / Transit Terminal,3500000,605200.0,261,2318.77,Thu,0,0,0,None
2020-12-17,ATM_05,ATM_05_University,University Campus,1500000,175200.0,58,3020.69,Thu,0,0,0,None
2020-12-18,ATM_01,ATM_01_TechPark,Commercial / Tech Park,2500000,449500.0,157,2863.06,Fri,0,0,0,None
2020-12-18,ATM_02,ATM_02_ShoppingMall,Shopping Mall & Entertainment,3000000,512400.0,207,2475.36,Fri,0,0,0,None
2020-12-18,ATM_03,ATM_03_Residential,Residential Suburb,2000000,233600.0,87,2685.06,Fri,0,0,0,None
2020-12-18,ATM_04,ATM_04_TransitHub,Airport / Transit Terminal,3500000,513800.0,226,2273.45,Fri,0,0,0,None
2020-12-18,ATM_05,ATM_05_University,University Campus,1500000,194500.0,66,2946.97,Fri,0,0,0,None
2020-12-19,ATM_01,ATM_01_TechPark,Commercial / Tech Park,2500000,185200.0,61,3036.07,Sat,1,0,0,None
2020-12-19,ATM_02,ATM_02_ShoppingMall,Shopping Mall & Entertainment,3000000,590900.0,188,3143.09,Sat,1,0,0,None
2020-12-19,ATM_03,ATM_03_Residential,Residential Suburb,2000000,271800.0,115,2363.48,Sat,1,0,0,None
2020-12-19,ATM_04,ATM_04_TransitHub,Airport / Transit Terminal,3500000,667900.0,252,2650.4,Sat,1,0,0,None
2020-12-19,ATM_05,ATM_05_University,University Campus,1500000,104500.0,31,3370.97,Sat,1,0,0,None
2020-12-20,ATM_01,ATM_01_TechPark,Commercial / Tech Park,2500000,141200.0,49,2881.63,Sun,1,0,0,None
2020-12-20,ATM_02,ATM_02_ShoppingMall,Shopping Mall & Entertainment,3000000,636900.0,204,3122.06,Sun,1,0,0,None
2020-12-20,ATM_03,ATM_03_Residential,Residential Suburb,2000000,272200.0,114,2387.72,Sun,1,0,0,None
2020-12-20,ATM_04,ATM_04_TransitHub,Airport / Transit Terminal,3500000,696100.0,222,3135.59,Sun,1,0,0,None
2020-12-20,ATM_05,ATM_05_University,University Campus,1500000,79100.0,26,3042.31,Sun,1,0,0,None
2020-12-21,ATM_01,ATM_01_TechPark,Commercial / Tech Park,2500000,419400.0,171,2452.63,Mon,0,0,0,None
2020-12-21,ATM_02,ATM_02_ShoppingMall,Shopping Mall & Entertainment,3000000,342500.0,122,2807.38,Mon,0,0,0,None
2020-12-21,ATM_03,ATM_03_Residential,Residential Suburb,2000000,244800.0,76,3221.05,Mon,0,0,0,None
2020-12-21,ATM_04,ATM_04_TransitHub,Airport / Transit Terminal,3500000,628500.0,229,2744.54,Mon,0,0,0,None
2020-12-21,ATM_05,ATM_05_University,University Campus,1500000,175700.0,51,3445.1,Mon,0,0,0,None
2020-12-22,ATM_01,ATM_01_TechPark,Commercial / Tech Park,2500000,440100.0,137,3212.41,Tue,0,0,0,None
2020-12-22,ATM_02,ATM_02_ShoppingMall,Shopping Mall & Entertainment,3000000,297000.0,106,2801.89,Tue,0,0,0,None
2020-12-22,ATM_03,ATM_03_Residential,Residential Suburb,2000000,208800.0,87,2400.0,Tue,0,0,0,None
2020-12-22,ATM_04,ATM_04_TransitHub,Airport / Transit Terminal,3500000,432700.0,151,2865.56,Tue,0,0,0,None
2020-12-22,ATM_05,ATM_05_University,University Campus,1500000,170600.0,49,3481.63,Tue,0,0,0,None
2020-12-23,ATM_01,ATM_01_TechPark,Commercial / Tech Park,2500000,396100.0,120,3300.83,Wed,0,0,0,None
2020-12-23,ATM_02,ATM_02_ShoppingMall,Shopping Mall & Entertainment,3000000,313900.0,92,3411.96,Wed,0,0,0,None
2020-12-23,ATM_03,ATM_03_Residential,Residential Suburb,2000000,229200.0,94,2438.3,Wed,0,0,0,None
2020-12-23,ATM_04,ATM_04_TransitHub,Airport / Transit Terminal,3500000,470000.0,198,2373.74,Wed,0,0,0,None
2020-12-23,ATM_05,ATM_05_University,University Campus,1500000,156000.0,57,2736.84,Wed,0,0,0,None
2020-12-24,ATM_01,ATM_01_TechPark,Commercial / Tech Park,2500000,361300.0,126,2867.46,Thu,0,0,0,None
2020-12-24,ATM_02,ATM_02_ShoppingMall,Shopping Mall & Entertainment,3000000,349500.0,129,2709.3,Thu,0,0,0,None
2020-12-24,ATM_03,ATM_03_Residential,Residential Suburb,2000000,265800.0,83,3202.41,Thu,0,0,0,None
2020-12-24,ATM_04,ATM_04_TransitHub,Airport / Transit Terminal,3500000,586800.0,229,2562.45,Thu,0,0,0,None
2020-12-24,ATM_05,ATM_05_University,University Campus,1500000,216500.0,77,2811.69,Thu,0,0,0,None
2020-12-25,ATM_01,ATM_01_TechPark,Commercial / Tech Park,2500000,180500.0,76,2375.0,Fri,0,0,1,Christmas
2020-12-25,ATM_02,ATM_02_ShoppingMall,Shopping Mall & Entertainment,3000000,851000.0,268,3175.37,Fri,0,0,1,Christmas
2020-12-25,ATM_03,ATM_03_Residential,Residential Suburb,2000000,290100.0,112,2590.18,Fri,0,0,1,Christmas
2020-12-25,ATM_04,ATM_04_TransitHub,Airport / Transit Terminal,3500000,935300.0,299,3128.09,Fri,0,0,1,Christmas
2020-12-25,ATM_05,ATM_05_University,University Campus,1500000,47700.0,13,3669.23,Fri,0,0,1,Christmas
2020-12-26,ATM_01,ATM_01_TechPark,Commercial / Tech Park,2500000,164600.0,54,3048.15,Sat,1,0,0,None
2020-12-26,ATM_02,ATM_02_ShoppingMall,Shopping Mall & Entertainment,3000000,657600.0,255,2578.82,Sat,1,0,0,None
2020-12-26,ATM_03,ATM_03_Residential,Residential Suburb,2000000,254800.0,73,3490.41,Sat,1,0,0,None
2020-12-26,ATM_04,ATM_04_TransitHub,Airport / Transit Terminal,3500000,764500.0,251,3045.82,Sat,1,0,0,None
2020-12-26,ATM_05,ATM_05_University,University Campus,1500000,123300.0,39,3161.54,Sat,1,0,0,None
2020-12-27,ATM_01,ATM_01_TechPark,Commercial / Tech Park,2500000,129600.0,49,2644.9,Sun,1,0,0,None
2020-12-27,ATM_02,ATM_02_ShoppingMall,Shopping Mall & Entertainment,3000000,695500.0,246,2827.24,Sun,1,0,0,None
2020-12-27,ATM_03,ATM_03_Residential,Residential Suburb,2000000,273400.0,92,2971.74,Sun,1,0,0,None
2020-12-27,ATM_04,ATM_04_TransitHub,Airport / Transit Terminal,3500000,641100.0,202,3173.76,Sun,1,0,0,None
2020-12-27,ATM_05,ATM_05_University,University Campus,1500000,73400.0,22,3336.36,Sun,1,0,0,None
2020-12-28,ATM_01,ATM_01_TechPark,Commercial / Tech Park,2500000,421400.0,129,3266.67,Mon,0,0,0,None
2020-12-28,ATM_02,ATM_02_ShoppingMall,Shopping Mall & Entertainment,3000000,374100.0,129,2900.0,Mon,0,0,0,None
2020-12-28,ATM_03,ATM_03_Residential,Residential Suburb,2000000,260100.0,84,3096.43,Mon,0,0,0,None
2020-12-28,ATM_04,ATM_04_TransitHub,Airport / Transit Terminal,3500000,644100.0,261,2467.82,Mon,0,0,0,None
2020-12-28,ATM_05,ATM_05_University,University Campus,1500000,183800.0,71,2588.73,Mon,0,0,0,None
2020-12-29,ATM_01,ATM_01_TechPark,Commercial / Tech Park,2500000,397900.0,157,2534.39,Tue,0,0,0,None
2020-12-29,ATM_02,ATM_02_ShoppingMall,Shopping Mall & Entertainment,3000000,363100.0,140,2593.57,Tue,0,0,0,None
2020-12-29,ATM_03,ATM_03_Residential,Residential Suburb,2000000,210100.0,66,3183.33,Tue,0,0,0,None
2020-12-29,ATM_04,ATM_04_TransitHub,Airport / Transit Terminal,3500000,704500.0,301,2340.53,Tue,0,0,0,None
2020-12-29,ATM_05,ATM_05_University,University Campus,1500000,181700.0,54,3364.81,Tue,0,0,0,None
2020-12-30,ATM_01,ATM_01_TechPark,Commercial / Tech Park,2500000,394600.0,124,3182.26,Wed,0,0,0,None
2020-12-30,ATM_02,ATM_02_ShoppingMall,Shopping Mall & Entertainment,3000000,285600.0,97,2944.33,Wed,0,0,0,None
2020-12-30,ATM_03,ATM_03_Residential,Residential Suburb,2000000,229700.0,70,3281.43,Wed,0,0,0,None
2020-12-30,ATM_04,ATM_04_TransitHub,Airport / Transit Terminal,3500000,687100.0,266,2583.08,Wed,0,0,0,None
2020-12-30,ATM_05,ATM_05_University,University Campus,1500000,150200.0,55,2730.91,Wed,0,0,0,None
2020-12-31,ATM_01,ATM_01_TechPark,Commercial / Tech Park,2500000,352300.0,102,3453.92,Thu,0,0,0,None
2020-12-31,ATM_02,ATM_02_ShoppingMall,Shopping Mall & Entertainment,3000000,433000.0,148,2925.68,Thu,0,0,0,None
2020-12-31,ATM_03,ATM_03_Residential,Residential Suburb,2000000,233300.0,105,2221.9,Thu,0,0,0,None
2020-12-31,ATM_04,ATM_04_TransitHub,Airport / Transit Terminal,3500000,608000.0,189,3216.93,Thu,0,0,0,None
2020-12-31,ATM_05,ATM_05_University,University Campus,1500000,198000.0,59,3355.93,Thu,0,0,0,None
